set SERVEROUTPUT ON;

-- CategoryMasterKP

create table CategoryMasterKP
(
	CategoryID int primary key,
	CategoryName varchar2(50) not null
);

INSERT INTO CategoryMasterKP   VALUES (101, 'Stationery');
INSERT INTO CategoryMasterKP   VALUES (102, 'Soaps and Detergents');
INSERT INTO CategoryMasterKP   VALUES (103, 'Personal Products');
INSERT INTO CategoryMasterKP   VALUES (104, 'Food and Beverages');
INSERT INTO CategoryMasterKP   VALUES (105, 'Furniture');
INSERT INTO CategoryMasterKP   VALUES (106, 'Mobile Phones');
INSERT INTO CategoryMasterKP   VALUES (107, 'Fertilizers');
INSERT INTO CategoryMasterKP   VALUES (108, 'Computers');
INSERT INTO CategoryMasterKP   VALUES (109, 'Vitamins');
INSERT INTO CategoryMasterKP   VALUES (110, 'Gardening');
INSERT INTO CategoryMasterKP   VALUES (111, 'Electronics');
INSERT INTO CategoryMasterKP   VALUES (112, 'Cloths');
INSERT INTO CategoryMasterKP   VALUES (113, 'Toys');
INSERT INTO CategoryMasterKP   VALUES (114, 'Sports');
INSERT INTO CategoryMasterKP   VALUES (115, 'Books');
INSERT INTO CategoryMasterKP   VALUES (116, 'Pet Food');
INSERT INTO CategoryMasterKP   VALUES (117, 'Grocery');
INSERT INTO CategoryMasterKP   VALUES (118, 'Laptops');

-- ProductMasterKP

create table ProductMasterKP
(
	PID	int primary key,
	Name varchar2(40) not null,
	Price number not null,
	CategoryID int not null,
    foreign key (CategoryID) references CategoryMasterKP(CategoryID)
);

-- ProductMasterKP

INSERT INTO ProductMasterKP   VALUES (1, 'The Secret',  15, 101);
INSERT INTO ProductMasterKP   VALUES (2,'Pen',15,101);
INSERT INTO ProductMasterKP   VALUES (3,'Pencil',10,101);
INSERT INTO ProductMasterKP   VALUES (4,'Paper Bundle',5,101);
INSERT INTO ProductMasterKP   VALUES (5,'Duster',25,101);
INSERT INTO ProductMasterKP   VALUES (6,'Geometry Box',50,101);
-------------------------------------------------------
INSERT INTO ProductMasterKP   VALUES (7,'HUMAM',20,102);
INSERT INTO ProductMasterKP   VALUES (8,'LUX',50,102);
INSERT INTO ProductMasterKP   VALUES (9,'SANTOOR',25,102);
INSERT INTO ProductMasterKP   VALUES (10,'LIRIL',30,102);
INSERT INTO ProductMasterKP   VALUES (11,'MYSORE SANDAL',60,102);
INSERT INTO ProductMasterKP   VALUES (12,'REXONA',35,102);
INSERT INTO ProductMasterKP   VALUES (13,'RIN',35,102);
INSERT INTO ProductMasterKP   VALUES (14,'SURF',110,102);
INSERT INTO ProductMasterKP   VALUES (15,'TIDE',80,102);
INSERT INTO ProductMasterKP   VALUES (16,'WHEEL',60,102);
--------------------------------------------------------
INSERT INTO ProductMasterKP   VALUES (17,'PONDS',60,103);
INSERT INTO ProductMasterKP   VALUES (18,'LAKME',200,103);
INSERT INTO ProductMasterKP   VALUES (19,'REVELON',300,103);
INSERT INTO ProductMasterKP   VALUES (20,'FAIR AND LOVELY',50,103);
INSERT INTO ProductMasterKP   VALUES (21,'FAIREVER',30,103);
INSERT INTO ProductMasterKP   VALUES (22,'Softie',150,103);
--------------------------------------------------------
INSERT INTO ProductMasterKP   VALUES (23,'Chocolates',10,104);
INSERT INTO ProductMasterKP   VALUES (24,'OREO',30,104);
INSERT INTO ProductMasterKP   VALUES (25,'GOODAY',50,104);
INSERT INTO ProductMasterKP   VALUES (26,'DAIRY MILK',100,104);
INSERT INTO ProductMasterKP   VALUES (27,'5 STAR',30,104);
INSERT INTO ProductMasterKP   VALUES (28,'THUMPs UP',20,104);
INSERT INTO ProductMasterKP   VALUES (29,'COKE COLA',15,104);
-------------------------------------------------------
INSERT INTO ProductMasterKP   VALUES (30,'CHAIR',200,105);
INSERT INTO ProductMasterKP   VALUES (31,'TABLE',500,105);
INSERT INTO ProductMasterKP   VALUES (32,'Wall Hangers',150,105);
INSERT INTO ProductMasterKP   VALUES (33,'DINNING TABLE',3000,105);
INSERT INTO ProductMasterKP   VALUES (34,'DRESSING TABLE',1500,105);
INSERT INTO ProductMasterKP   VALUES (35,'EASY CHAIR',200,105);
INSERT INTO ProductMasterKP   VALUES (36,'CAMP COT','500',105);
INSERT INTO ProductMasterKP   VALUES (37,'COT',10000,105);
-------------------------------------------------------
INSERT INTO ProductMasterKP   VALUES (38,'SAMSUNG',40000,106);
INSERT INTO ProductMasterKP   VALUES (39,'SONY',70000,106);
INSERT INTO ProductMasterKP   VALUES (40,'SANSUAI',3000,106);
INSERT INTO ProductMasterKP   VALUES (41,'LG',25000,106);
INSERT INTO ProductMasterKP   VALUES (42,'MICROMAX',10000,106);
INSERT INTO ProductMasterKP   VALUES (43,'KARBON',12000,106);
---------------------------------------------------------
INSERT INTO ProductMasterKP   VALUES (44,'DUPONT',1000,107);
INSERT INTO ProductMasterKP   VALUES (45,'NAGERJUNA',1000,107);
INSERT INTO ProductMasterKP   VALUES (46,'PULSAR',500,107);
INSERT INTO ProductMasterKP   VALUES (47,'UREA',150,107);
INSERT INTO ProductMasterKP   VALUES (48,'SODIUM',75,107);
INSERT INTO ProductMasterKP   VALUES (49,'POTASIUM',50,107);
INSERT INTO ProductMasterKP   VALUES (50,'MONOPAL',200,107);
----------------------------------------------------------
INSERT INTO ProductMasterKP   VALUES (51,'HP',50000,108);
INSERT INTO ProductMasterKP   VALUES (52,'SONY LAP',65000,108);
INSERT INTO ProductMasterKP   VALUES (53,'LEVONO',30000,108);
INSERT INTO ProductMasterKP   VALUES (54,'DELL',27000,108);
INSERT INTO ProductMasterKP   VALUES (55,'HCL',25000,108);
------------------------------------------------------
INSERT INTO ProductMasterKP   VALUES (56,'VIT A',100,109);
INSERT INTO ProductMasterKP   VALUES (57,'VIT B',250,109);
INSERT INTO ProductMasterKP   VALUES (58,'VIT C',150,109);
INSERT INTO ProductMasterKP   VALUES (59,'VIT D',60,109);
INSERT INTO ProductMasterKP   VALUES (60,'VIT K',80,109);
-----------------------------------------------------
INSERT INTO ProductMasterKP   VALUES (61,'SPADE',300,110);
INSERT INTO ProductMasterKP   VALUES (62,'AXE',200,110);
INSERT INTO ProductMasterKP   VALUES (63,'CUTTER',60,110);
INSERT INTO ProductMasterKP   VALUES (64,'SCISSOR',150,110);
INSERT INTO ProductMasterKP   VALUES (65,'SHEKLE',50,110);
-------------------------------------------------------
INSERT INTO ProductMasterKP   VALUES (66,'TORCH LIGHT',100,111);
INSERT INTO ProductMasterKP   VALUES (67,'BULB',10,111);
INSERT INTO ProductMasterKP   VALUES (68,'TUBE LIGHT',30,111);
INSERT INTO ProductMasterKP   VALUES (69,'FAN',500,111);
INSERT INTO ProductMasterKP   VALUES (70,'TV',10000,111);
-------------------------------------------------------
INSERT INTO ProductMasterKP   VALUES (71,'PANT',1000,112);
INSERT INTO ProductMasterKP   VALUES (72,'SHIRT',700,112);
INSERT INTO ProductMasterKP   VALUES (73,'SHORT',500,112);
INSERT INTO ProductMasterKP   VALUES (74,'TRACK',600,112);
INSERT INTO ProductMasterKP   VALUES (75,'SAREE',1200,112);
INSERT INTO ProductMasterKP   VALUES (76,'T-SHIRT',300,112);
--------------------------------------------------------
INSERT INTO ProductMasterKP   VALUES (77,'TEDDY BEAR',500,113);
INSERT INTO ProductMasterKP   VALUES (78,'MASK',100,113);
INSERT INTO ProductMasterKP   VALUES (79,'TOM AND JERRY',1000,113);
INSERT INTO ProductMasterKP   VALUES (80,'BARBIE GIRL',2000,113);
INSERT INTO ProductMasterKP   VALUES (81,'SHIN CHAN',1500,113);
INSERT INTO ProductMasterKP   VALUES (82,'DOREMON',2000,113);
INSERT INTO ProductMasterKP   VALUES (83,'BEN 10',2500,113);
------------------------------------------------------------
INSERT INTO ProductMasterKP   VALUES (84,'BALL',100,114);
INSERT INTO ProductMasterKP   VALUES (85,'BAT',1000,114);
INSERT INTO ProductMasterKP   VALUES (86,'HELMET',500,114);
INSERT INTO ProductMasterKP   VALUES (87,'SHOE',1200,114);
INSERT INTO ProductMasterKP   VALUES (89,'COOK',10,114);
INSERT INTO ProductMasterKP   VALUES (90,'REEBOK',2000,114);
INSERT INTO ProductMasterKP   VALUES (91,'NIKE',3000,114);
INSERT INTO ProductMasterKP   VALUES (92,'PUMA',5000,114);
INSERT INTO ProductMasterKP   VALUES (93,'ADIDAS',3500,114);
------------------------------------------------------------
INSERT INTO ProductMasterKP   VALUES (94,'MSBI',500,115);
INSERT INTO ProductMasterKP   VALUES (95,'SQL',200,115);
INSERT INTO ProductMasterKP   VALUES (96,'DOTNET',1000,115);
INSERT INTO ProductMasterKP   VALUES (97,'ADVENTURE BOOK',200,115);
INSERT INTO ProductMasterKP   VALUES (98,'COMIC BOOK',350,115);
INSERT INTO ProductMasterKP   VALUES (99,'COMDEY BOOK',100,115);
INSERT INTO ProductMasterKP   VALUES (100,'GHOST BOOK',600,115);
------------------------------------------------------------
INSERT INTO ProductMasterKP   VALUES (101,'PEDIGREE',1000,116);
INSERT INTO ProductMasterKP   VALUES (102,'GRASS',100,116);
INSERT INTO ProductMasterKP   VALUES (103,'BONES',50,116);
INSERT INTO ProductMasterKP   VALUES (104,'MEAT',60,116);
INSERT INTO ProductMasterKP   VALUES (105,'CHAVAL',70,116);
------------------------------------------------------
INSERT INTO ProductMasterKP   VALUES (106,'RICE',1100,117);
INSERT INTO ProductMasterKP   VALUES (107,'KIWI Fruit',200,117);
INSERT INTO ProductMasterKP   VALUES (108,'Basmati Rice',250,117);
INSERT INTO ProductMasterKP   VALUES (109,'Weat',105,117);
INSERT INTO ProductMasterKP   VALUES (110,'OIL',60,117);
INSERT INTO ProductMasterKP   VALUES (111,'BANANA',50000,106);
-------------------------------------------------------

-- CustomerMasterKP

create table CustomerMasterKP
(
	CID	int	primary key,
	Name varchar2(40) not null,
	City varchar2(50) not null
);

INSERT INTO CustomerMasterKP   VALUES (1, 'Praveen T', 'Bangalore');
INSERT INTO CustomerMasterKP   VALUES (2, 'John Kennedy', 'Dallas');
INSERT INTO CustomerMasterKP   VALUES (3, 'Suneetha K', 'Hyderabad');
INSERT INTO CustomerMasterKP   VALUES (4, 'Bhuvan Gite', 'Mysore');
INSERT INTO CustomerMasterKP   VALUES (5, 'Prakash Sanjay', 'Chennai');
INSERT INTO CustomerMasterKP   VALUES (6, 'Vimala Roy', 'Baltimore');
INSERT INTO CustomerMasterKP   VALUES (7, 'Kiran Shetty', 'Ooty');
INSERT INTO CustomerMasterKP   VALUES (8, 'Jyothi M', 'Chatham');
INSERT INTO CustomerMasterKP   VALUES (9, 'Amar Kutti', 'Dayton');
INSERT INTO CustomerMasterKP   VALUES (10, 'Mohit Syed', 'Newark');
INSERT INTO CustomerMasterKP   VALUES (11, 'Javed Ahmed', 'Towson');
INSERT INTO CustomerMasterKP   VALUES (12, 'Priya Raghavan', 'Trenton');
INSERT INTO CustomerMasterKP   VALUES (13, 'Thulasi Ayyar', 'Providence');
INSERT INTO CustomerMasterKP   VALUES (14, 'Meena Krishnan', 'Trenton');
INSERT INTO CustomerMasterKP   VALUES (15, 'Malathy Srinivasan', 'Warwick');
INSERT INTO CustomerMasterKP   VALUES (16, 'Yashenfal', 'Dayton');
INSERT INTO CustomerMasterKP   VALUES (17, 'Akash Veri', 'Towson');
INSERT INTO CustomerMasterKP   VALUES (18, 'Raghu Raghavan', 'Trenton');
INSERT INTO CustomerMasterKP   VALUES (19, 'Priya Ayyar', 'Providence');
INSERT INTO CustomerMasterKP   VALUES (20, 'Meenakshi khanna', 'Trenton');
INSERT INTO CustomerMasterKP   VALUES (21, 'Srinivasan Raj', 'Warwick');
INSERT INTO CustomerMasterKP   VALUES (22, 'Yashe Bewe', 'Dayton');
INSERT INTO CustomerMasterKP   VALUES (23, 'Uvan Gitee', 'Mysore');
INSERT INTO CustomerMasterKP   VALUES (24, 'Keerthi Reddy', 'Chennai');
INSERT INTO CustomerMasterKP   VALUES (25, 'Prakash Raj', 'Chennai');
INSERT INTO CustomerMasterKP   VALUES (26, 'Vimala Reddy', 'Baltimore');
INSERT INTO CustomerMasterKP   VALUES (27, 'Shilpa Shetty', 'Ooty');
INSERT INTO CustomerMasterKP   VALUES (28, 'Jyothi Makak', 'Chatham');
INSERT INTO CustomerMasterKP   VALUES (29, 'Amaritha Vem', 'Dayton');
INSERT INTO CustomerMasterKP   VALUES (30, 'Mohit Jain', 'Newark');
INSERT INTO CustomerMasterKP   VALUES (31, 'Rajpal Chaoudary', 'Hollywood');
INSERT INTO CustomerMasterKP   VALUES (32, 'Ya Bewe', 'Melbourne city');
INSERT INTO CustomerMasterKP   VALUES (33, 'Van Gitee', 'Pembroke Park');
INSERT INTO CustomerMasterKP   VALUES (34, 'Anu Gangru', 'Oakland Park city');
INSERT INTO CustomerMasterKP   VALUES (35, 'Shilpa Nair', 'Plantation');
INSERT INTO CustomerMasterKP   VALUES (36, 'Jyothi Mathi', 'Southwest Ranches');
INSERT INTO CustomerMasterKP   VALUES (37, 'Amritha Mitha', 'Pembroke Pines');
INSERT INTO CustomerMasterKP   VALUES (38, 'Modi Jain', 'Satellite Beach city');
INSERT INTO CustomerMasterKP   VALUES (39, 'Kamal Raj', 'Waldo city');
INSERT INTO CustomerMasterKP   VALUES (40, 'Modi bewe', 'Newberry city');
INSERT INTO CustomerMasterKP   VALUES (41, 'Van Train', 'Brooker town');
INSERT INTO CustomerMasterKP   VALUES (42, 'Prakash Koda', 'Balance of Bradford');
INSERT INTO CustomerMasterKP   VALUES (43, 'Anand Amala', 'Cocoa Beach city');
INSERT INTO CustomerMasterKP   VALUES (44, 'Shila kalpa', 'Newberry city');
INSERT INTO CustomerMasterKP   VALUES (45, 'Jyo Mathi', 'Chennai');
INSERT INTO CustomerMasterKP   VALUES (46, 'Ritha Mitha', 'Brooker town');
INSERT INTO CustomerMasterKP   VALUES (47, 'Mori Kllu', 'Hampton city');
INSERT INTO CustomerMasterKP   VALUES (54, 'Latha Lali', 'Starke city');
INSERT INTO CustomerMasterKP   VALUES (48, 'Raghu van', 'Balance of Bradford');
INSERT INTO CustomerMasterKP   VALUES (49, 'Riya Ayyar', 'Cape Canaveral city');
INSERT INTO CustomerMasterKP   VALUES (50, 'Meena  khanan', 'Cocoa city');
INSERT INTO CustomerMasterKP   VALUES (51, 'Srini Raj', 'IndianHarbourBeach');
INSERT INTO CustomerMasterKP   VALUES (52, 'She Bewe', 'Palm Bay city');
INSERT INTO CustomerMasterKP   VALUES (53, 'Yvan Datee', 'Palm Shores town');
INSERT INTO CustomerMasterKP   VALUES (55, 'Rakash Raj', 'Rockledge city');
INSERT INTO CustomerMasterKP   VALUES (56, 'Aimala Varun', 'Satellite Beach city');
INSERT INTO CustomerMasterKP   VALUES (57, 'Papa Shetty', 'Davie town');
INSERT INTO CustomerMasterKP   VALUES (58, 'Kyothi Maak', 'Hollywood');
INSERT INTO CustomerMasterKP   VALUES (59, 'James Wadi', 'Coconut Creek city');
INSERT INTO CustomerMasterKP   VALUES (60, 'Moit Lallu', 'Coral Springs city');


-- SalesKP

create table SalesKP
(
	PID	int	not null,
	CID	int	not null,
	SaleDate date not null,
	QtySold	int	not null,
	SalesKPAmount number not null,
	DeliveryDate date,
    foreign key (CID) references CustomerMasterKP(CID),
    foreign key (PID) references ProductMasterKP(PID)
);

INSERT INTO SalesKP VALUES(10,10,'2012/01/03',30,30*30,'2012/01/06');
INSERT INTO SalesKP VALUES(15,12,'2012/01/04',300,300*80,'2012/01/07');
INSERT INTO SalesKP VALUES(17,22,'2012/01/15',30,30*60,'2012/01/18');
INSERT INTO SalesKP VALUES(21,26,'2012/01/16',80,80*30,'2012/01/19');
INSERT INTO SalesKP VALUES(28,30,'2012/01/17',300,300*20,'2012/01/20');
INSERT INTO SalesKP VALUES(33,36,'2012/01/18',150,150*3000,'2012/01/21');
INSERT INTO SalesKP VALUES(41,33,'2012/01/23',30,30*25000,'2012/01/26');
INSERT INTO SalesKP VALUES(110,10,'2012/01/24',30,30*60,'2012/01/27');
INSERT INTO SalesKP VALUES(100,60,'2012/01/25',30,30*600,'2012/01/28');
INSERT INTO SalesKP VALUES(67,10,'2012/01/26',30,30*10,'2012/01/29');

--2012/02
INSERT INTO SalesKP VALUES(54,10,'2012/02/03',30,30*27000,'2012/02/06');
INSERT INTO SalesKP VALUES(66,12,'2012/02/04',100,100*100,'2012/02/07');
INSERT INTO SalesKP VALUES(12,22,'2012/02/15',30,30*35,'2012/02/18');
INSERT INTO SalesKP VALUES(78,26,'2012/02/16',80,80*100,'2012/02/19');
INSERT INTO SalesKP VALUES(99,30,'2012/02/17',300,300*100,'2012/02/20');
INSERT INTO SalesKP VALUES(43,36,'2012/02/18',150,150*12000,'2012/02/21');
INSERT INTO SalesKP VALUES(41,33,'2012/02/23',30,30*25000,'2012/02/26');
INSERT INTO SalesKP VALUES(56,10,'2012/02/24',50,50*100,'2012/02/27');
INSERT INTO SalesKP VALUES(30,60,'2012/02/25',100,100*200,'2012/02/28');
INSERT INTO SalesKP VALUES(67,10,'2012/02/26',90,90*10,'2012/02/28');
--2012/03
INSERT INTO SalesKP VALUES(56,10,'2012/03/03',30,30*100,'2012/03/06');
INSERT INTO SalesKP VALUES(10,12,'2012/03/04',300,300*30,'2012/03/07');
INSERT INTO SalesKP VALUES(110,22,'2012/03/15',30,30*60,'2012/03/18');
INSERT INTO SalesKP VALUES(26,26,'2012/03/16',80,80*100,'2012/03/19');
INSERT INTO SalesKP VALUES(28,30,'2012/03/17',300,300*20,'2012/03/20');
INSERT INTO SalesKP VALUES(68,36,'2012/03/18',150,150*30,'2012/03/21');
INSERT INTO SalesKP VALUES(48,33,'2012/03/23',30,30*75,'2012/03/26');
INSERT INTO SalesKP VALUES(67,10,'2012/03/24',30,30*10,'2012/03/27');
INSERT INTO SalesKP VALUES(110,60,'2012/03/25',30,30*60,'2012/03/28');
INSERT INTO SalesKP VALUES(77,10,'2012/03/26',30,30*500,'2012/03/29');
--2012/04
INSERT INTO SalesKP VALUES(9,56,'2012/04/03',300,300*25,'2012/04/06');
INSERT INTO SalesKP VALUES(6,12,'2012/04/04',100,100*500,'2012/04/07');
INSERT INTO SalesKP VALUES(45,46,'2012/04/15',30,30*35,'2012/04/18');
INSERT INTO SalesKP VALUES(39,26,'2012/04/16',80,80*70000,'2012/04/19');
INSERT INTO SalesKP VALUES(96,39,'2012/04/17',300,300*1000,'2012/04/23');
INSERT INTO SalesKP VALUES(93,36,'2012/04/18',150,150*3000,'2012/04/21');
INSERT INTO SalesKP VALUES(41,33,'2012/04/23',30,30*25000,'2012/04/26');
INSERT INTO SalesKP VALUES(76,30,'2012/04/24',50,50*300,'2012/04/27');
INSERT INTO SalesKP VALUES(83,60,'2012/04/25',10,10*2500,'2012/04/30');
INSERT INTO SalesKP VALUES(16,12,'2012/04/26',90,90*60,'2012/04/29');
--2012/05
INSERT INTO SalesKP VALUES(34,10,'2012/05/01',30,30*1500,'2012/05/06');
INSERT INTO SalesKP VALUES(70,12,'2012/05/04',30,30*10000,'2012/05/07');
INSERT INTO SalesKP VALUES(75,32,'2012/05/15',30,30*1200,'2012/05/18');
INSERT INTO SalesKP VALUES(14,26,'2012/05/13',80,80*110,'2012/05/19');
INSERT INTO SalesKP VALUES(22,45,'2012/05/17',300,300*150,'2012/05/20');
INSERT INTO SalesKP VALUES(33,36,'2012/05/18',150,150*3000,'2012/05/21');
INSERT INTO SalesKP VALUES(41,33,'2012/05/23',30,30*25000,'2012/05/26');
INSERT INTO SalesKP VALUES(33,56,'2012/05/24',30,30*3000,'2012/05/27');
INSERT INTO SalesKP VALUES(100,60,'2012/05/25',30,30*600,'2012/05/28');
INSERT INTO SalesKP VALUES(42,01,'2012/05/29',130,130*1000,'2012/06/03');
--2012/06
INSERT INTO SalesKP VALUES(7,11,'2012/06/03',300,300*20,'2012/06/06');
INSERT INTO SalesKP VALUES(5,49,'2012/06/04',100,100*25,'2012/06/07');
INSERT INTO SalesKP VALUES(1,34,'2012/06/15',300,300*20,'2012/06/18');
INSERT INTO SalesKP VALUES(37,26,'2012/06/16',80,80*50000,'2012/06/19');
INSERT INTO SalesKP VALUES(36,44,'2012/06/17',150,300*500,'2012/06/20');
INSERT INTO SalesKP VALUES(19,36,'2012/06/18',150,150*300,'2012/06/21');
INSERT INTO SalesKP VALUES(41,33,'2012/06/23',30,30*25000,'2012/06/26');
INSERT INTO SalesKP VALUES(56,10,'2012/06/24',50,50*100,'2012/06/27');
INSERT INTO SalesKP VALUES(30,60,'2012/06/25',100,100*12,'2012/06/28');
INSERT INTO SalesKP VALUES(67,10,'2012/06/26',90,90*10,'2012/06/28');
--2012/07
INSERT INTO SalesKP VALUES(17,10,'2012/07/03',30,30*30,'2012/07/06');
INSERT INTO SalesKP VALUES(22,12,'2012/07/04',300,300*150,'2012/07/07');
INSERT INTO SalesKP VALUES(17,22,'2012/07/05',30,30*60,'2012/07/18');
INSERT INTO SalesKP VALUES(21,26,'2012/07/06',800,800*30,'2012/07/19');
INSERT INTO SalesKP VALUES(28,30,'2012/07/07',300,300*20,'2012/07/20');
INSERT INTO SalesKP VALUES(30,36,'2012/07/24',150,150*3000,'2012/07/21');
INSERT INTO SalesKP VALUES(41,33,'2012/07/24',30,30*25000,'2012/07/26');
INSERT INTO SalesKP VALUES(33,10,'2012/07/24',60,60*3000,'2012/07/27');
INSERT INTO SalesKP VALUES(30,60,'2012/07/25',30,30*200,'2012/07/28');
INSERT INTO SalesKP VALUES(16,10,'2012/07/28',300,300*60,'2012/08/02');
--2012/08
INSERT INTO SalesKP VALUES(54,10,'2012/08/03',30,30*27000,'2012/08/06');
INSERT INTO SalesKP VALUES(66,12,'2012/08/04',100,100*100,'2012/08/07');
INSERT INTO SalesKP VALUES(12,22,'2012/08/15',30,30*35,'2012/08/17');
INSERT INTO SalesKP VALUES(78,26,'2012/08/16',80,80*100,'2012/08/19');
INSERT INTO SalesKP VALUES(99,30,'2012/08/17',300,300*100,'2012/08/20');
INSERT INTO SalesKP VALUES(43,36,'2012/08/18',150,150*12000,'2012/08/21');
INSERT INTO SalesKP VALUES(41,33,'2012/08/23',30,30*25000,'2012/08/26');
INSERT INTO SalesKP VALUES(56,10,'2012/08/24',50,50*100,'2012/08/27');
INSERT INTO SalesKP VALUES(30,60,'2012/08/25',10,10*200,'2012/08/28');
INSERT INTO SalesKP VALUES(67,10,'2012/08/26',23,23*10,'2012/08/28');
--2012/09
INSERT INTO SalesKP VALUES(56,10,'2012/09/03',30,30*100,'2012/09/06');
INSERT INTO SalesKP VALUES(10,12,'2012/09/04',300,300*30,'2012/09/07');
INSERT INTO SalesKP VALUES(110,22,'2012/09/15',30,30*60,'2012/09/18');
INSERT INTO SalesKP VALUES(26,26,'2012/09/16',80,80*100,'2012/09/19');
INSERT INTO SalesKP VALUES(28,30,'2012/09/17',300,300*20,'2012/09/20');
INSERT INTO SalesKP VALUES(68,36,'2012/09/18',150,150*30,'2012/09/21');
INSERT INTO SalesKP VALUES(48,33,'2012/09/23',30,30*75,'2012/09/26');
INSERT INTO SalesKP VALUES(67,10,'2012/09/24',30,30*10,'2012/09/27');
INSERT INTO SalesKP VALUES(110,60,'2012/09/25',30,30*60,'2012/09/28');
INSERT INTO SalesKP VALUES(77,10,'2012/09/29',30,30*500,'2012/10/06');
--2012/10
INSERT INTO SalesKP VALUES(9,56,'2012/10/03',300,300*25,'2012/10/06');
INSERT INTO SalesKP VALUES(6,12,'2012/10/04',100,100*500,'2012/10/07');
INSERT INTO SalesKP VALUES(45,46,'2012/10/15',30,30*35,'2012/10/18');
INSERT INTO SalesKP VALUES(39,26,'2012/10/16',8,8*70000,'2012/10/19');
INSERT INTO SalesKP VALUES(96,39,'2012/10/17',300,300*1000,'2012/10/23');
INSERT INTO SalesKP VALUES(93,36,'2012/10/18',150,150*3000,'2012/10/21');
INSERT INTO SalesKP VALUES(41,33,'2012/10/23',30,30*25000,'2012/10/26');
INSERT INTO SalesKP VALUES(76,30,'2012/10/24',50,50*300,'2012/10/27');
INSERT INTO SalesKP VALUES(83,60,'2012/10/25',10,10*2500,'2012/10/30');
INSERT INTO SalesKP VALUES(16,12,'2012/10/26',90,90*60,'2012/10/29');
--2012/11
INSERT INTO SalesKP VALUES(34,10,'2012/11/01',30,30*1500,'2012/11/06');
INSERT INTO SalesKP VALUES(70,12,'2012/11/04',30,30*10000,'2012/11/07');
INSERT INTO SalesKP VALUES(75,32,'2012/11/15',30,30*1200,'2012/11/18');
INSERT INTO SalesKP VALUES(14,26,'2012/11/13',80,80*110,'2012/11/19');
INSERT INTO SalesKP VALUES(22,45,'2012/11/17',300,300*150,'2012/11/20');
INSERT INTO SalesKP VALUES(33,36,'2012/11/18',150,150*3000,'2012/11/21');
INSERT INTO SalesKP VALUES(41,33,'2012/11/23',30,30*25000,'2012/11/26');
INSERT INTO SalesKP VALUES(33,56,'2012/11/24',30,30*3000,'2012/11/27');
INSERT INTO SalesKP VALUES(100,60,'2012/11/25',30,30*600,'2012/11/28');
INSERT INTO SalesKP VALUES(42,01,'2012/11/29',30,30*1000,'2012/12/03');
--2012/12
INSERT INTO SalesKP VALUES(7,11,'2012/12/03',300,30*20,'2012/12/06');
INSERT INTO SalesKP VALUES(5,49,'2012/12/04',100,100*25,'2012/12/07');
INSERT INTO SalesKP VALUES(1,34,'2012/12/15',300,30*20,'2012/12/18');
INSERT INTO SalesKP VALUES(37,26,'2012/12/16',80,80*50000,'2012/12/19');
INSERT INTO SalesKP VALUES(36,44,'2012/12/17',150,150*500,'2012/12/20');
INSERT INTO SalesKP VALUES(19,36,'2012/12/18',150,150*300,'2012/12/21');
INSERT INTO SalesKP VALUES(41,33,'2012/12/23',30,30*25000,'2012/12/26');
INSERT INTO SalesKP VALUES(56,10,'2012/12/25',100,100*12,'2012/12/28');
INSERT INTO SalesKP VALUES(67,10,'2012/12/26',90,90*10,'2012/12/28');
--2013/01
INSERT INTO SalesKP VALUES(35,11,'2013/01/03',30,30*200,'2013/01/06');
INSERT INTO SalesKP VALUES(43,15,'2013/01/04',300,300*12000,'2013/01/07');
INSERT INTO SalesKP VALUES(17,17,'2013/01/15',30,30*60,'2013/01/18');
INSERT INTO SalesKP VALUES(50,26,'2013/01/16',80,80*200,'2013/01/19');
INSERT INTO SalesKP VALUES(56,30,'2013/01/17',300,300*100,'2013/01/20');
INSERT INTO SalesKP VALUES(65,26,'2013/01/18',150,150*50,'2013/01/21');
INSERT INTO SalesKP VALUES(70,33,'2013/01/23',300,300*1000,'2013/01/26');
INSERT INTO SalesKP VALUES(79,10,'2013/01/24',30,30*1000,'2013/01/27');
INSERT INTO SalesKP VALUES(81,60,'2013/01/25',30,30*1500,'2013/01/28');
INSERT INTO SalesKP VALUES(80,55,'2013/01/26',30,30*2000,'2013/01/29');
--2013/02
INSERT INTO SalesKP VALUES(84,11,'2013/02/03',300,300*100,'2013/02/06');
INSERT INTO SalesKP VALUES(66,11,'2013/02/04',100,100*100,'2013/02/07');
INSERT INTO SalesKP VALUES(12,11,'2013/02/15',30,30*35,'2013/02/18');
INSERT INTO SalesKP VALUES(78,26,'2013/02/16',80,80*100,'2013/02/19');
INSERT INTO SalesKP VALUES(99,30,'2013/02/17',300,300*100,'2013/02/20');
INSERT INTO SalesKP VALUES(43,56,'2013/02/18',150,150*12000,'2013/02/21');
INSERT INTO SalesKP VALUES(41,56,'2013/02/23',30,30*25000,'2013/02/26');
INSERT INTO SalesKP VALUES(56,10,'2013/02/24',50,50*100,'2013/02/27');
INSERT INTO SalesKP VALUES(30,60,'2013/02/25',100,100*2000,'2013/02/28');
INSERT INTO SalesKP VALUES(67,23,'2013/02/26',900,900*10,'2013/02/28');
--2013/03
INSERT INTO SalesKP VALUES(94,10,'2013/03/03',30,30*500,'2013/03/06');
INSERT INTO SalesKP VALUES(93,12,'2013/03/04',100,100*3500,'2013/03/07');
INSERT INTO SalesKP VALUES(92,17,'2013/03/15',30,30*5000,'2013/03/18');
INSERT INTO SalesKP VALUES(87,26,'2013/03/16',80,80*1200,'2013/03/19');
INSERT INTO SalesKP VALUES(28,30,'2013/03/17',300,300*20,'2013/03/20');
INSERT INTO SalesKP VALUES(68,36,'2013/03/18',150,150*30,'2013/03/21');
INSERT INTO SalesKP VALUES(48,33,'2013/03/23',300,300*75,'2013/03/26');
INSERT INTO SalesKP VALUES(67,10,'2013/03/24',130,130*10,'2013/03/27');
INSERT INTO SalesKP VALUES(110,60,'2013/03/25',360,360*60,'2013/03/28');
INSERT INTO SalesKP VALUES(77,10,'2013/03/26',330,330*500,'2013/03/29');
--2013/04
INSERT INTO SalesKP VALUES(39,56,'2013/04/03',300,300*5000,'2013/04/06');
INSERT INTO SalesKP VALUES(40,29,'2013/04/04',100,100*3000,'2013/04/07');
INSERT INTO SalesKP VALUES(50,46,'2013/04/15',300,300*200,'2013/04/18');
INSERT INTO SalesKP VALUES(54,26,'2013/04/16',800,800*27000,'2013/04/19');
INSERT INTO SalesKP VALUES(96,39,'2013/04/17',300,300*1000,'2013/04/23');
INSERT INTO SalesKP VALUES(93,36,'2013/04/18',150,150*3000,'2013/04/21');
INSERT INTO SalesKP VALUES(41,33,'2013/04/23',30,30*25000,'2013/04/26');
INSERT INTO SalesKP VALUES(76,30,'2013/04/24',50,50*300,'2013/04/27');
INSERT INTO SalesKP VALUES(83,60,'2013/04/25',10,10*2500,'2013/04/30');
INSERT INTO SalesKP VALUES(55,42,'2013/04/26',190,190*25000,'2013/04/29');
--2013/05
INSERT INTO SalesKP VALUES(34,10,'2013/05/01',30,30*1500,'2013/05/06');
INSERT INTO SalesKP VALUES(106,12,'2013/05/04',300,300*1100,'2013/05/07');
INSERT INTO SalesKP VALUES(105,32,'2013/05/15',30,30*70,'2013/05/18');
INSERT INTO SalesKP VALUES(110,26,'2013/05/13',80,80*60,'2013/05/19');
INSERT INTO SalesKP VALUES(108,45,'2013/05/17',300,300*250,'2013/05/20');
INSERT INTO SalesKP VALUES(26,54,'2013/05/18',1500,1500*100,'2013/05/21');
INSERT INTO SalesKP VALUES(20,33,'2013/05/23',300,300*50,'2013/05/26');
INSERT INTO SalesKP VALUES(33,56,'2013/05/24',30,30*3000,'2013/05/27');
INSERT INTO SalesKP VALUES(100,60,'2013/05/25',130,130*600,'2013/05/28');
INSERT INTO SalesKP VALUES(42,01,'2013/05/29',30,30*1000,'2013/06/03');
--2013/06
INSERT INTO SalesKP VALUES(22,44,'2013/06/03',300,300*150,'2013/06/06');
INSERT INTO SalesKP VALUES(66,56,'2013/06/04',100,100*100,'2013/06/07');
INSERT INTO SalesKP VALUES(1,34,'2013/06/15',300,300*20,'2013/06/18');
INSERT INTO SalesKP VALUES(37,26,'2013/06/16',80,80*50000,'2013/06/19');
INSERT INTO SalesKP VALUES(36,44,'2013/06/17',150,150*500,'2013/06/20');
INSERT INTO SalesKP VALUES(19,36,'2013/06/18',150,150*300,'2013/06/21');
INSERT INTO SalesKP VALUES(41,33,'2013/06/23',30,30*25000,'2013/06/26');
INSERT INTO SalesKP VALUES(56,10,'2013/06/24',50,50*100,'2013/06/27');
INSERT INTO SalesKP VALUES(30,60,'2013/06/25',10,10*12,'2013/06/28');
INSERT INTO SalesKP VALUES(67,10,'2013/06/26',90,90*10,'2013/06/28');
--2013/07
INSERT INTO SalesKP VALUES(17,10,'2013/07/03',30,30*30,'2013/07/06');
INSERT INTO SalesKP VALUES(17,12,'2013/07/04',300,300*150,'2013/07/07');
INSERT INTO SalesKP VALUES(17,17,'2013/07/05',30,30*60,'2013/07/18');
INSERT INTO SalesKP VALUES(21,26,'2013/07/06',800,800*30,'2013/07/19');
INSERT INTO SalesKP VALUES(28,30,'2013/07/07',300,300*20,'2013/07/20');
INSERT INTO SalesKP VALUES(30,36,'2013/07/24',150,150*3000,'2013/07/21');
INSERT INTO SalesKP VALUES(41,33,'2013/07/24',30,30*25000,'2013/07/26');
INSERT INTO SalesKP VALUES(33,10,'2013/07/24',60,60*3000,'2013/07/27');
INSERT INTO SalesKP VALUES(30,60,'2013/07/25',30,30*200,'2013/07/28');
INSERT INTO SalesKP VALUES(16,10,'2013/07/28',300,300*60,'2013/08/02');
--2013/08
INSERT INTO SalesKP VALUES(54,10,'2013/08/03',30,30*27000,'2013/08/06');
INSERT INTO SalesKP VALUES(66,12,'2013/08/04',100,100*100,'2013/08/07');
INSERT INTO SalesKP VALUES(12,17,'2013/08/15',30,30*35,'2013/08/17');
INSERT INTO SalesKP VALUES(78,26,'2013/08/16',80,80*100,'2013/08/19');
INSERT INTO SalesKP VALUES(99,30,'2013/08/17',300,300*100,'2013/08/20');
INSERT INTO SalesKP VALUES(43,36,'2013/08/18',150,150*12000,'2013/08/21');
INSERT INTO SalesKP VALUES(41,33,'2013/08/23',30,30*25000,'2013/08/26');
INSERT INTO SalesKP VALUES(56,10,'2013/08/24',50,50*100,'2013/08/27');
INSERT INTO SalesKP VALUES(30,60,'2013/08/25',10,10*200,'2013/08/28');
INSERT INTO SalesKP VALUES(67,10,'2013/08/26',90,90*10,'2013/08/28');
--2013/09
INSERT INTO SalesKP VALUES(56,10,'2013/09/03',30,30*100,'2013/09/06');
INSERT INTO SalesKP VALUES(10,12,'2013/09/04',1300,1300*30,'2013/09/07');
INSERT INTO SalesKP VALUES(110,17,'2013/09/15',30,30*60,'2013/09/18');
INSERT INTO SalesKP VALUES(26,26,'2013/09/16',80,80*100,'2013/09/19');
INSERT INTO SalesKP VALUES(28,30,'2013/09/17',300,300*20,'2013/09/20');
INSERT INTO SalesKP VALUES(68,36,'2013/09/18',150,150*30,'2013/09/21');
INSERT INTO SalesKP VALUES(48,33,'2013/09/23',340,340*75,'2013/09/26');
INSERT INTO SalesKP VALUES(67,10,'2013/09/24',130,130*10,'2013/09/27');
INSERT INTO SalesKP VALUES(110,60,'2013/09/25',230,230*60,'2013/09/28');
INSERT INTO SalesKP VALUES(77,10,'2013/09/29',330,330*500,'2013/10/06');
--2013/10
INSERT INTO SalesKP VALUES(9,56,'2013/10/03',300,300*25,'2013/10/06');
INSERT INTO SalesKP VALUES(6,12,'2013/10/04',100,100*500,'2013/10/07');
INSERT INTO SalesKP VALUES(45,46,'2013/10/15',30,30*35,'2013/10/18');
INSERT INTO SalesKP VALUES(39,26,'2013/10/16',80,80*70000,'2013/10/19');
INSERT INTO SalesKP VALUES(96,39,'2013/10/17',300,300*1000,'2013/10/23');
INSERT INTO SalesKP VALUES(93,36,'2013/10/18',150,150*3000,'2013/10/21');
INSERT INTO SalesKP VALUES(41,33,'2013/10/23',30,30*25000,'2013/10/26');
INSERT INTO SalesKP VALUES(76,30,'2013/10/24',50,50*300,'2013/10/27');
INSERT INTO SalesKP VALUES(83,60,'2013/10/25',10,10*2500,'2013/10/30');
INSERT INTO SalesKP VALUES(16,12,'2013/10/26',90,90*60,'2013/10/29');
--2013/11
INSERT INTO SalesKP VALUES(34,10,'2013/11/01',30,30*1500,'2013/11/06');
INSERT INTO SalesKP VALUES(70,12,'2013/11/04',30,30*10000,'2013/11/07');
INSERT INTO SalesKP VALUES(75,32,'2013/11/15',30,30*1200,'2013/11/18');
INSERT INTO SalesKP VALUES(14,26,'2013/11/13',80,80*110,'2013/11/19');
INSERT INTO SalesKP VALUES(17,45,'2013/11/17',300,300*150,'2013/11/20');
INSERT INTO SalesKP VALUES(33,36,'2013/11/18',150,150*3000,'2013/11/21');
INSERT INTO SalesKP VALUES(41,33,'2013/11/23',30,30*25000,'2013/11/26');
INSERT INTO SalesKP VALUES(33,56,'2013/11/24',30,30*3000,'2013/11/27');
INSERT INTO SalesKP VALUES(100,60,'2013/11/25',30,30*600,'2013/11/28');
INSERT INTO SalesKP VALUES(42,01,'2013/11/29',30,30*1000,'2013/12/03');
--2013/12
INSERT INTO SalesKP VALUES(7,11,'2013/12/03',300,300*20,'2013/12/06');
INSERT INTO SalesKP VALUES(5,49,'2013/12/04',100,100*25,'2013/12/07');
INSERT INTO SalesKP VALUES(1,34,'2013/12/15',300,300*20,'2013/12/18');
INSERT INTO SalesKP VALUES(37,26,'2013/12/16',80,80*50000,'2013/12/19');
INSERT INTO SalesKP VALUES(36,44,'2013/12/17',150,150*500,'2013/12/20');
INSERT INTO SalesKP VALUES(19,36,'2013/12/18',150,150*300,'2013/12/21');
INSERT INTO SalesKP VALUES(41,33,'2013/12/23',30,30*25000,'2013/12/26');
INSERT INTO SalesKP VALUES(56,10,'2013/12/25',10,10*12,'2013/12/28');
INSERT INTO SalesKP VALUES(67,10,'2013/12/26',90,90*10,'2013/12/28');
--2014/01
INSERT INTO SalesKP VALUES(10,10,'2014/01/03',30,30*30,'2014/01/06');
INSERT INTO SalesKP VALUES(15,12,'2014/01/04',300,300*80,'2014/01/07');
INSERT INTO SalesKP VALUES(17,22,'2014/01/15',30,30*60,'2014/01/18');
INSERT INTO SalesKP VALUES(21,26,'2014/01/16',80,80*30,'2014/01/19');
INSERT INTO SalesKP VALUES(28,30,'2014/01/17',300,300*20,'2014/01/20');
INSERT INTO SalesKP VALUES(33,36,'2014/01/18',150,150*3000,'2014/01/21');
INSERT INTO SalesKP VALUES(41,33,'2014/01/23',30,30*25000,'2014/01/26');
INSERT INTO SalesKP VALUES(110,10,'2014/01/24',30,30*60,'2014/01/27');
INSERT INTO SalesKP VALUES(100,60,'2014/01/25',30,30*600,'2014/01/28');
INSERT INTO SalesKP VALUES(67,10,'2014/01/26',30,30*10,'2014/01/29');
--2014/02
INSERT INTO SalesKP VALUES(54,10,'2014/02/03',30,30*27000,'2014/02/06');
INSERT INTO SalesKP VALUES(66,12,'2014/02/04',100,100*100,'2014/02/07');
INSERT INTO SalesKP VALUES(12,22,'2014/02/15',30,30*35,'2014/02/18');
INSERT INTO SalesKP VALUES(78,26,'2014/02/16',80,80*100,'2014/02/19');
INSERT INTO SalesKP VALUES(99,30,'2014/02/17',300,300*100,'2014/02/20');
INSERT INTO SalesKP VALUES(43,36,'2014/02/18',150,150*12000,'2014/02/21');
INSERT INTO SalesKP VALUES(41,33,'2014/02/23',30,30*25000,'2014/02/26');
INSERT INTO SalesKP VALUES(56,10,'2014/02/24',50,50*100,'2014/02/27');
INSERT INTO SalesKP VALUES(30,60,'2014/02/25',10,10*200,'2014/02/28');
INSERT INTO SalesKP VALUES(67,10,'2014/02/26',90,90*10,'2014/02/28');
--2014/03
INSERT INTO SalesKP VALUES(56,10,'2014/03/03',30,30*100,'2014/03/06');
INSERT INTO SalesKP VALUES(10,12,'2014/03/04',100,100*30,'2014/03/07');
INSERT INTO SalesKP VALUES(110,22,'2014/03/04',30,30*60,'2014/03/09');
INSERT INTO SalesKP VALUES(26,26,'2014/03/04',80,80*100,'2014/03/09');
INSERT INTO SalesKP VALUES(28,30,'2014/03/04',300,300*20,'2014/03/09');
INSERT INTO SalesKP VALUES(68,36,'2014/03/04',150,150*30,'2014/03/09');
INSERT INTO SalesKP VALUES(48,33,'2014/03/04',30,30*75,'2014/03/11');
INSERT INTO SalesKP VALUES(67,10,'2014/03/05',30,30*10,'2014/03/07');
INSERT INTO SalesKP VALUES(110,60,'2014/03/05',30,30*60,'2014/03/08');
INSERT INTO SalesKP VALUES(77,10,'2014/03/05',30,30*500,'2014/03/09');
INSERT INTO SalesKP VALUES(56,10,'2014/03/05',30,30*100,'2014/03/07');
INSERT INTO SalesKP VALUES(10,12,'2014/03/05',300,300*30,'2014/03/07');
INSERT INTO SalesKP VALUES(110,22,'2014/03/05',30,30*60,'2014/03/08');
INSERT INTO SalesKP VALUES(26,26,'2014/03/05',80,80*100,'2014/03/09');
INSERT INTO SalesKP VALUES(28,30,'2014/03/06',300,300*20,'2014/03/10');
INSERT INTO SalesKP VALUES(68,36,'2014/03/06',150,150*30,'2014/03/11');
INSERT INTO SalesKP VALUES(48,33,'2014/03/06',30,30*75,'2014/03/09');
INSERT INTO SalesKP VALUES(67,10,'2014/03/06',30,30*10,'2014/03/07');
INSERT INTO SalesKP VALUES(110,60,'2014/03/06',30,30*60,'2014/03/08');
INSERT INTO SalesKP VALUES(77,10,'2014/03/06',30,30*500,'2014/03/09');
--2014/04
INSERT INTO SalesKP VALUES(9,56,'2014/04/03',300,300*25,'2014/04/06');
INSERT INTO SalesKP VALUES(6,12,'2014/04/04',100,100*500,'2014/04/07');
INSERT INTO SalesKP VALUES(45,46,'2014/04/15',30,30*35,'2014/04/18');
INSERT INTO SalesKP VALUES(39,26,'2014/04/16',80,80*70000,'2014/04/19');
INSERT INTO SalesKP VALUES(96,39,'2014/04/17',300,300*1000,'2014/04/23');
INSERT INTO SalesKP VALUES(93,36,'2014/04/18',150,150*3000,'2014/04/21');
INSERT INTO SalesKP VALUES(41,33,'2014/04/23',30,30*25000,'2014/04/26');
INSERT INTO SalesKP VALUES(76,30,'2014/04/24',50,50*300,'2014/04/27');
INSERT INTO SalesKP VALUES(83,60,'2014/04/25',10,10*2500,'2014/04/30');
INSERT INTO SalesKP VALUES(16,12,'2014/04/26',90,90*60,'2014/04/29');
--2014/05
INSERT INTO SalesKP VALUES(34,10,'2014/05/01',30,30*1500,'2014/05/06');
INSERT INTO SalesKP VALUES(70,12,'2014/05/04',30,30*10000,'2014/05/07');
INSERT INTO SalesKP VALUES(75,32,'2014/05/15',30,30*1200,'2014/05/18');
INSERT INTO SalesKP VALUES(14,26,'2014/05/13',80,80*110,'2014/05/19');
INSERT INTO SalesKP VALUES(22,45,'2014/05/17',300,300*150,'2014/05/20');
INSERT INTO SalesKP VALUES(33,36,'2014/05/18',150,150*3000,'2014/05/21');
INSERT INTO SalesKP VALUES(41,33,'2014/05/23',30,30*25000,'2014/05/26');
INSERT INTO SalesKP VALUES(33,56,'2014/05/24',30,30*3000,'2014/05/27');
INSERT INTO SalesKP VALUES(100,60,'2014/05/25',30,30*600,'2014/05/28');
INSERT INTO SalesKP VALUES(42,01,'2014/05/29',30,30*1000,'2014/06/03');
--2014/06
INSERT INTO SalesKP VALUES(7,11,'2014/06/03',300,300*20,'2014/06/06');
INSERT INTO SalesKP VALUES(5,49,'2014/06/04',100,100*25,'2014/06/07');
INSERT INTO SalesKP VALUES(1,34,'2014/06/15',300,30*20,'2014/06/18');
INSERT INTO SalesKP VALUES(37,26,'2014/06/16',80,80*50000,'2014/06/19');
INSERT INTO SalesKP VALUES(36,44,'2014/06/17',300,300*500,'2014/06/20');
INSERT INTO SalesKP VALUES(19,36,'2014/06/18',150,150*300,'2014/06/21');
INSERT INTO SalesKP VALUES(41,33,'2014/06/23',30,30*25000,'2014/06/26');
INSERT INTO SalesKP VALUES(56,10,'2014/06/24',50,50*100,'2014/06/27');
INSERT INTO SalesKP VALUES(30,60,'2014/06/25',10,10*12,'2014/06/28');
INSERT INTO SalesKP VALUES(67,10,'2014/06/26',90,90*10,'2014/06/28');
--2014/07
INSERT INTO SalesKP VALUES(17,10,'2014/07/03',30,30*30,'2014/07/06');
INSERT INTO SalesKP VALUES(22,12,'2014/07/04',300,300*150,'2014/07/07');
INSERT INTO SalesKP VALUES(17,22,'2014/07/05',30,30*60,'2014/07/18');
INSERT INTO SalesKP VALUES(21,26,'2014/07/06',800,800*30,'2014/07/19');
INSERT INTO SalesKP VALUES(28,30,'2014/07/07',300,300*20,'2014/07/20');
INSERT INTO SalesKP VALUES(30,36,'2014/07/24',150,150*3000,'2014/07/21');
INSERT INTO SalesKP VALUES(41,33,'2014/07/24',30,30*25000,'2014/07/26');
INSERT INTO SalesKP VALUES(33,10,'2014/07/24',60,60*3000,'2014/07/27');
INSERT INTO SalesKP VALUES(30,60,'2014/07/25',30,30*200,'2014/07/28');
INSERT INTO SalesKP VALUES(16,10,'2014/07/28',300,300*60,'2014/08/04');
--2014/08
INSERT INTO SalesKP VALUES(54,10,'2014/08/03',30,30*27000,'2014/08/06');
INSERT INTO SalesKP VALUES(66,12,'2014/08/04',100,100*100,'2014/08/07');
INSERT INTO SalesKP VALUES(12,22,'2014/08/15',30,30*35,'2014/08/17');
INSERT INTO SalesKP VALUES(78,26,'2014/08/16',80,80*100,'2014/08/19');
INSERT INTO SalesKP VALUES(99,30,'2014/08/17',300,300*100,'2014/08/20');
INSERT INTO SalesKP VALUES(43,36,'2014/08/18',150,150*12000,'2014/08/21');
INSERT INTO SalesKP VALUES(41,33,'2014/08/23',30,30*25000,'2014/08/26');
INSERT INTO SalesKP VALUES(56,10,'2014/08/24',50,50*100,'2014/08/27');
INSERT INTO SalesKP VALUES(30,60,'2014/08/25',10,10*200,'2014/08/28');
INSERT INTO SalesKP VALUES(67,10,'2014/08/26',90,90*10,'2014/08/28');
--2014/09
INSERT INTO SalesKP VALUES(56,10,'2014/09/03',30,30*100,'2014/09/06');
INSERT INTO SalesKP VALUES(10,12,'2014/09/04',30,30*30,'2014/09/07');
INSERT INTO SalesKP VALUES(110,22,'2014/09/15',130,130*60,'2014/09/18');
INSERT INTO SalesKP VALUES(26,26,'2014/09/16',80,80*100,'2014/09/19');
INSERT INTO SalesKP VALUES(28,30,'2014/09/17',300,300*20,'2014/09/20');
INSERT INTO SalesKP VALUES(68,36,'2014/09/18',150,150*30,'2014/09/21');
INSERT INTO SalesKP VALUES(48,33,'2014/09/23',300,300*75,'2014/09/26');
INSERT INTO SalesKP VALUES(67,10,'2014/09/24',330,330*10,'2014/09/27');
INSERT INTO SalesKP VALUES(110,60,'2014/09/25',230,230*60,'2014/09/28');
INSERT INTO SalesKP VALUES(77,10,'2014/09/29',30,30*500,'2014/10/06');
--2014/10
INSERT INTO SalesKP VALUES(9,56,'2014/10/03',300,300*25,'2014/10/06');
INSERT INTO SalesKP VALUES(6,12,'2014/10/04',100,100*500,'2014/10/07');
INSERT INTO SalesKP VALUES(45,46,'2014/10/15',30,30*35,'2014/10/18');
INSERT INTO SalesKP VALUES(39,26,'2014/10/16',80,80*70000,'2014/10/19');
INSERT INTO SalesKP VALUES(96,39,'2014/10/17',300,300*1000,'2014/10/23');
INSERT INTO SalesKP VALUES(93,36,'2014/10/18',150,150*3000,'2014/10/21');
INSERT INTO SalesKP VALUES(41,33,'2014/10/23',30,30*25000,'2014/10/26');
INSERT INTO SalesKP VALUES(76,30,'2014/10/24',50,50*300,'2014/10/27');
INSERT INTO SalesKP VALUES(83,60,'2014/10/25',10,10*2500,'2014/10/30');
INSERT INTO SalesKP VALUES(16,12,'2014/10/26',90,90*60,'2014/10/29');
--2014/11
INSERT INTO SalesKP VALUES(34,10,'2014/11/01',434,434*1500,'2014/11/06');
INSERT INTO SalesKP VALUES(70,12,'2014/11/04',310,310*10000,'2014/11/07');
INSERT INTO SalesKP VALUES(75,32,'2014/11/15',30,30*1200,'2014/11/18');
INSERT INTO SalesKP VALUES(14,26,'2014/11/13',80,80*110,'2014/11/19');
INSERT INTO SalesKP VALUES(22,45,'2014/11/17',300,300*150,'2014/11/20');
INSERT INTO SalesKP VALUES(33,36,'2014/11/18',150,150*3000,'2014/11/21');
INSERT INTO SalesKP VALUES(41,33,'2014/11/23',730,730*25000,'2014/11/26');
INSERT INTO SalesKP VALUES(33,56,'2014/11/24',430,430*3000,'2014/11/27');
INSERT INTO SalesKP VALUES(100,60,'2014/11/25',130,130*600,'2014/11/28');
INSERT INTO SalesKP VALUES(42,01,'2014/11/29',30,30*1000,'2014/12/03');
--2014/12
-----------------------------------------------------------------------
INSERT INTO SalesKP VALUES(93,11,'2014/12/03',300,30*3500,'2014/12/06');
INSERT INTO SalesKP VALUES(93,49,'2014/12/03',100,100*3500,'2014/12/07');
INSERT INTO SalesKP VALUES(93,34,'2014/12/03',300,300*3500,'2014/12/08');
INSERT INTO SalesKP VALUES(93,26,'2014/12/03',80,80*3500,'2014/12/09');
INSERT INTO SalesKP VALUES(93,44,'2014/12/03',150,300*3500,'2014/12/07');
INSERT INTO SalesKP VALUES(92,36,'2014/12/03',150,150*5000,'2014/12/07');
INSERT INTO SalesKP VALUES(92,33,'2014/12/03',30,30*5000,'2014/12/06');
INSERT INTO SalesKP VALUES(92,10,'2014/12/03',10,10*5000,'2014/12/08');
INSERT INTO SalesKP VALUES(92,10,'2014/12/03',90,90*5000,'2014/12/08');
INSERT INTO SalesKP VALUES(92,11,'2014/12/03',300,300*5000,'2014/12/06');
INSERT INTO SalesKP VALUES(92,49,'2014/12/03',100,100*5000,'2014/12/07');
INSERT INTO SalesKP VALUES(84,34,'2014/12/03',300,300*100,'2014/12/08');
INSERT INTO SalesKP VALUES(74,26,'2014/12/03',800,800*600,'2014/12/09');
INSERT INTO SalesKP VALUES(74,44,'2014/12/03',150,150*600,'2014/12/10');
INSERT INTO SalesKP VALUES(74,36,'2014/12/03',150,150*600,'2014/12/10');
INSERT INTO SalesKP VALUES(74,33,'2014/12/03',30,30*600,'2014/12/06');
INSERT INTO SalesKP VALUES(56,10,'2014/12/03',10,10*12,'2014/12/08');
INSERT INTO SalesKP VALUES(67,10,'2014/12/03',90,90*10,'2014/12/08');
INSERT INTO SalesKP VALUES(7,11,'2014/12/03',300,300*20,'2014/12/06');
INSERT INTO SalesKP VALUES(5,49,'2014/12/04',100,100*25,'2014/12/07');
INSERT INTO SalesKP VALUES(1,34,'2014/12/04',300,300*20,'2014/12/08');
INSERT INTO SalesKP VALUES(37,26,'2014/12/04',80,80*50000,'2014/12/09');
INSERT INTO SalesKP VALUES(36,44,'2014/12/04',300,300*500,'2014/12/08');
INSERT INTO SalesKP VALUES(19,36,'2014/12/04',150,150*300,'2014/12/08');
INSERT INTO SalesKP VALUES(41,33,'2014/12/04',30,30*25000,'2014/12/08');
INSERT INTO SalesKP VALUES(56,10,'2014/12/04',10,10*12,'2014/12/08');
INSERT INTO SalesKP VALUES(67,10,'2014/12/04',90,90*10,'2014/12/08');
INSERT INTO SalesKP VALUES(71,11,'2014/12/05',300,300*1000,'2014/12/08');
INSERT INTO SalesKP VALUES(71,49,'2014/12/05',100,100*1000,'2014/12/08');
INSERT INTO SalesKP VALUES(71,34,'2014/12/05',300,300*1000,'2014/12/08');
INSERT INTO SalesKP VALUES(71,26,'2014/12/05',80,80*1000,'2014/12/08');
INSERT INTO SalesKP VALUES(71,44,'2014/12/05',150,150*1000,'2014/12/08');
INSERT INTO SalesKP VALUES(71,36,'2014/12/05',150,150*1000,'2014/12/08');
INSERT INTO SalesKP VALUES(41,33,'2014/12/06',30,30*25000,'2014/12/08');
INSERT INTO SalesKP VALUES(43,10,'2014/12/06',10,10*12000,'2014/12/08');
INSERT INTO SalesKP VALUES(38,60,'2014/12/06',90,90*40000,'2014/12/08');
INSERT INTO SalesKP VALUES(42,43,'2014/12/06',300,30*10000,'2014/12/09');
INSERT INTO SalesKP VALUES(37,49,'2014/12/06',100,100*50000,'2014/12/09');
INSERT INTO SalesKP VALUES(40,34,'2014/12/06',300,300*3000,'2014/12/08');
INSERT INTO SalesKP VALUES(37,26,'2014/12/06',80,80*50000,'2014/12/09');
INSERT INTO SalesKP VALUES(36,44,'2014/12/06',150,300*500,'2014/12/10');
INSERT INTO SalesKP VALUES(19,36,'2014/12/06',150,150*300,'2014/12/09');
INSERT INTO SalesKP VALUES(41,33,'2014/12/06',30,30*25000,'2014/12/09');
INSERT INTO SalesKP VALUES(56,10,'2014/12/06',10,10*12,'2014/12/09');
INSERT INTO SalesKP VALUES(67,10,'2014/12/06',90,90*10,'2014/12/09');
INSERT INTO SalesKP VALUES(93,49,'2014/12/27',100,100*3500,'2015/01/03');
INSERT INTO SalesKP VALUES(93,34,'2014/12/27',300,300*3500,'2015/01/03');
INSERT INTO SalesKP VALUES(93,26,'2014/12/27',80,80*3500,'2015/01/03');
INSERT INTO SalesKP VALUES(93,44,'2014/12/27',150,300*3500,'2015/01/03');
INSERT INTO SalesKP VALUES(92,36,'2014/12/27',150,150*5000,'2015/01/03');
INSERT INTO SalesKP VALUES(92,33,'2014/12/27',30,30*5000,'2015/01/03');
INSERT INTO SalesKP VALUES(92,10,'2014/12/27',10,10*5000,'2015/01/03');
INSERT INTO SalesKP VALUES(92,10,'2014/12/27',90,90*5000,'2015/01/03');
INSERT INTO SalesKP VALUES(92,11,'2014/12/27',300,300*5000,'2015/01/03');
INSERT INTO SalesKP VALUES(92,49,'2014/12/27',100,100*5000,'2015/01/03');
INSERT INTO SalesKP VALUES(84,34,'2014/12/27',300,300*100,'2015/01/03');
INSERT INTO SalesKP VALUES(74,26,'2014/12/27',800,800*600,'2015/01/03');
INSERT INTO SalesKP VALUES(74,44,'2014/12/27',150,150*600,'2015/01/03');
INSERT INTO SalesKP VALUES(74,36,'2014/12/27',150,150*600,'2015/01/03');
INSERT INTO SalesKP VALUES(74,33,'2014/12/27',30,30*600,'2015/01/03');
INSERT INTO SalesKP VALUES(56,10,'2014/12/27',10,10*12,'2015/01/03');
INSERT INTO SalesKP VALUES(67,10,'2014/12/27',90,90*10,'2015/01/03');
INSERT INTO SalesKP VALUES(7,11,'2014/12/27',300,300*20,'2015/01/03');
INSERT INTO SalesKP VALUES(5,49,'2014/12/28',100,100*25,'2015/01/03');
INSERT INTO SalesKP VALUES(1,34,'2014/12/28',300,300*20,'2015/01/03');
INSERT INTO SalesKP VALUES(37,26,'2014/12/28',80,80*50000,'2015/01/03');
INSERT INTO SalesKP VALUES(36,44,'2014/12/28',300,300*500,'2015/01/03');
INSERT INTO SalesKP VALUES(19,36,'2014/12/28',150,150*300,'2015/01/03');
INSERT INTO SalesKP VALUES(41,33,'2014/12/28',30,30*25000,'2015/01/03');
INSERT INTO SalesKP VALUES(56,10,'2014/12/28',10,10*12,'2015/01/03');
INSERT INTO SalesKP VALUES(67,10,'2014/12/28',90,90*10,'2015/01/03');
INSERT INTO SalesKP VALUES(71,11,'2014/12/29',300,300*1000,'2015/01/03');
INSERT INTO SalesKP VALUES(71,49,'2014/12/29',100,100*1000,'2015/01/03');
INSERT INTO SalesKP VALUES(71,34,'2014/12/29',300,300*1000,'2015/01/03');
INSERT INTO SalesKP VALUES(71,26,'2014/12/29',80,80*1000,'2015/01/03');
INSERT INTO SalesKP VALUES(71,44,'2014/12/29',150,150*1000,'2015/01/03');
INSERT INTO SalesKP VALUES(71,36,'2014/12/29',150,150*1000,'2015/01/03');
INSERT INTO SalesKP VALUES(41,33,'2014/12/29',30,30*25000,'2015/01/04');
INSERT INTO SalesKP VALUES(43,10,'2014/12/29',10,10*12000,'2015/01/04');
INSERT INTO SalesKP VALUES(38,60,'2014/12/29',90,90*40000,'2015/01/04');
INSERT INTO SalesKP VALUES(42,43,'2014/12/29',300,30*10000,'2015/01/04');
INSERT INTO SalesKP VALUES(37,49,'2014/12/29',100,100*50000,'2015/01/04');
INSERT INTO SalesKP VALUES(40,34,'2014/12/29',300,300*3000,'2015/01/04');
INSERT INTO SalesKP VALUES(37,26,'2014/12/29',80,80*50000,'2015/01/04');
INSERT INTO SalesKP VALUES(36,44,'2014/12/29',150,300*500,'2015/01/04');
INSERT INTO SalesKP VALUES(19,36,'2014/12/29',150,150*300,'2015/01/04');
INSERT INTO SalesKP VALUES(41,33,'2014/12/29',30,30*25000,'2015/01/04');
INSERT INTO SalesKP VALUES(56,10,'2014/12/29',10,10*12,'2015/01/04');
INSERT INTO SalesKP VALUES(67,10,'2014/12/29',90,90*10,'2015/01/04');
INSERT INTO SalesKP VALUES(41,33,'2014/12/30',30,30*25000,'2015/01/04');
INSERT INTO SalesKP VALUES(43,10,'2014/12/30',10,10*12000,'2015/01/04');
INSERT INTO SalesKP VALUES(38,60,'2014/12/30',90,90*40000,'2015/01/04');
INSERT INTO SalesKP VALUES(42,43,'2014/12/30',300,30*10000,'2015/01/04');
INSERT INTO SalesKP VALUES(37,49,'2014/12/30',100,100*50000,'2015/01/04');
INSERT INTO SalesKP VALUES(40,34,'2014/12/30',300,300*3000,'2015/01/04');
INSERT INTO SalesKP VALUES(37,26,'2014/12/30',80,80*50000,'2015/01/04');
INSERT INTO SalesKP VALUES(36,44,'2014/12/30',150,300*500,'2015/01/04');
INSERT INTO SalesKP VALUES(19,36,'2014/12/30',150,150*300,'2015/01/04');
INSERT INTO SalesKP VALUES(41,33,'2014/12/30',30,30*25000,'2015/01/04');
INSERT INTO SalesKP VALUES(56,10,'2014/12/30',10,10*12,'2015/01/04');
INSERT INTO SalesKP VALUES(67,10,'2014/12/30',90,90*10,'2015/01/04');
----------------------------------------------------------------------
--2015/01
INSERT INTO SalesKP VALUES(17,11,'2015/01/03',30,30*150,'2015/01/06');
INSERT INTO SalesKP VALUES(18,15,'2015/01/03',100,300*200,'2015/01/07');
INSERT INTO SalesKP VALUES(17,17,'2015/01/03',30,30*60,'2015/01/07');
INSERT INTO SalesKP VALUES(17,26,'2015/01/03',80,80*60,'2015/01/07');
INSERT INTO SalesKP VALUES(17,30,'2015/01/03',300,300*60,'2015/01/07');
INSERT INTO SalesKP VALUES(17,26,'2015/01/03',150,150*60,'2015/01/07');
INSERT INTO SalesKP VALUES(22,33,'2015/01/03',450,450*150,'2015/01/07');
INSERT INTO SalesKP VALUES(22,10,'2015/01/03',200,200*150,'2015/01/07');
INSERT INTO SalesKP VALUES(22,60,'2015/01/03',350,350*150,'2015/01/08');
INSERT INTO SalesKP VALUES(22,55,'2015/01/03',300,300*150,'2015/01/09');
INSERT INTO SalesKP VALUES(17,11,'2015/01/03',30,30*150,'2015/01/06');
INSERT INTO SalesKP VALUES(18,15,'2015/01/03',1300,1300*200,'2015/01/07');
INSERT INTO SalesKP VALUES(17,17,'2015/01/03',30,30*60,'2015/01/07');
INSERT INTO SalesKP VALUES(17,26,'2015/01/03',80,80*60,'2015/01/07');
INSERT INTO SalesKP VALUES(17,30,'2015/01/04',300,300*60,'2015/01/07');
INSERT INTO SalesKP VALUES(17,26,'2015/01/04',150,150*60,'2015/01/07');
INSERT INTO SalesKP VALUES(22,33,'2015/01/04',450,300*150,'2015/01/07');
INSERT INTO SalesKP VALUES(22,10,'2015/01/04',200,200*150,'2015/01/07');
INSERT INTO SalesKP VALUES(22,60,'2015/01/04',350,350*150,'2015/01/07');
INSERT INTO SalesKP VALUES(22,55,'2015/01/04',300,300*150,'2015/01/07');
INSERT INTO SalesKP VALUES(17,11,'2015/01/04',30,30*150,'2015/01/06');
INSERT INTO SalesKP VALUES(18,15,'2015/01/04',100,100*200,'2015/01/07');
INSERT INTO SalesKP VALUES(17,17,'2015/01/04',30,30*60,'2015/01/07');
INSERT INTO SalesKP VALUES(17,26,'2015/01/04',80,80*60,'2015/01/07');
INSERT INTO SalesKP VALUES(17,30,'2015/01/04',300,300*60,'2015/01/07');
INSERT INTO SalesKP VALUES(17,26,'2015/01/04',150,150*60,'2015/01/07');
INSERT INTO SalesKP VALUES(22,33,'2015/01/04',450,450*150,'2015/01/07');
INSERT INTO SalesKP VALUES(22,10,'2015/01/04',200,200*150,'2015/01/07');
INSERT INTO SalesKP VALUES(22,60,'2015/01/05',350,350*150,'2015/01/07');
INSERT INTO SalesKP VALUES(22,55,'2015/01/05',300,300*150,'2015/01/07');
INSERT INTO SalesKP VALUES(22,60,'2015/01/05',350,350*150,'2015/01/07');
INSERT INTO SalesKP VALUES(22,55,'2015/01/05',300,300*150,'2015/01/07');
INSERT INTO SalesKP VALUES(17,11,'2015/01/05',30,30*150,'2015/01/07');
INSERT INTO SalesKP VALUES(18,15,'2015/01/05',100,300*200,'2015/01/07');
INSERT INTO SalesKP VALUES(17,17,'2015/01/06',30,30*60,'2015/01/08');
INSERT INTO SalesKP VALUES(17,26,'2015/01/06',80,80*60,'2015/01/09');
INSERT INTO SalesKP VALUES(17,30,'2015/01/06',300,300*60,'2015/01/10');
INSERT INTO SalesKP VALUES(17,26,'2015/01/06',150,150*60,'2015/01/11');
INSERT INTO SalesKP VALUES(22,33,'2015/01/06',450,450*150,'2015/01/10');
INSERT INTO SalesKP VALUES(22,10,'2015/01/06',200,200*150,'2015/01/10');
INSERT INTO SalesKP VALUES(22,60,'2015/01/06',350,350*150,'2015/01/10');
INSERT INTO SalesKP VALUES(22,55,'2015/01/06',300,300*150,'2015/01/10');
--2015/02
INSERT INTO SalesKP VALUES(17,11,'2015/02/03',30,30*150,'2015/02/06');
INSERT INTO SalesKP VALUES(18,15,'2015/02/03',100,300*200,'2015/02/07');
INSERT INTO SalesKP VALUES(17,17,'2015/02/03',30,30*60,'2015/02/07');
INSERT INTO SalesKP VALUES(17,26,'2015/02/03',80,80*60,'2015/02/07');
INSERT INTO SalesKP VALUES(17,30,'2015/02/03',300,300*60,'2015/02/07');
INSERT INTO SalesKP VALUES(17,26,'2015/02/03',150,150*60,'2015/02/07');
INSERT INTO SalesKP VALUES(22,33,'2015/02/03',450,450*150,'2015/02/07');
INSERT INTO SalesKP VALUES(22,10,'2015/02/03',200,200*150,'2015/02/07');
INSERT INTO SalesKP VALUES(22,60,'2015/02/03',350,350*150,'2015/02/08');
INSERT INTO SalesKP VALUES(22,55,'2015/02/03',300,300*150,'2015/02/09');
INSERT INTO SalesKP VALUES(17,11,'2015/02/03',30,30*150,'2015/02/06');
INSERT INTO SalesKP VALUES(18,15,'2015/02/03',100,100*200,'2015/02/07');
INSERT INTO SalesKP VALUES(17,17,'2015/02/03',30,30*60,'2015/02/07');
INSERT INTO SalesKP VALUES(17,26,'2015/02/03',80,80*60,'2015/02/07');
INSERT INTO SalesKP VALUES(84,11,'2015/02/03',300,300*100,'2015/02/06');
INSERT INTO SalesKP VALUES(66,11,'2015/02/04',100,100*100,'2015/02/07');
INSERT INTO SalesKP VALUES(17,30,'2015/02/04',300,300*60,'2015/02/07');
INSERT INTO SalesKP VALUES(17,26,'2015/02/04',150,150*60,'2015/02/07');
INSERT INTO SalesKP VALUES(22,33,'2015/02/04',450,450*150,'2015/02/07');
INSERT INTO SalesKP VALUES(22,60,'2015/02/04',350,350*150,'2015/02/07');
INSERT INTO SalesKP VALUES(22,55,'2015/02/04',300,300*150,'2015/02/07');
INSERT INTO SalesKP VALUES(17,11,'2015/02/04',430,430*150,'2015/02/06');
INSERT INTO SalesKP VALUES(18,15,'2015/02/04',300,300*200,'2015/02/07');
INSERT INTO SalesKP VALUES(17,17,'2015/02/04',30,30*60,'2015/02/07');
INSERT INTO SalesKP VALUES(17,26,'2015/02/04',80,80*60,'2015/02/07');
INSERT INTO SalesKP VALUES(17,30,'2015/02/04',300,300*60,'2015/02/07');
INSERT INTO SalesKP VALUES(17,26,'2015/02/04',150,150*60,'2015/02/07');
INSERT INTO SalesKP VALUES(22,33,'2015/02/04',450,450*150,'2015/02/07');
INSERT INTO SalesKP VALUES(22,10,'2015/02/04',200,200*150,'2015/02/07');
INSERT INTO SalesKP VALUES(22,60,'2015/02/05',350,350*150,'2015/02/07');
INSERT INTO SalesKP VALUES(22,55,'2015/02/05',300,300*150,'2015/02/07');
INSERT INTO SalesKP VALUES(22,60,'2015/02/05',350,350*150,'2015/02/07');
INSERT INTO SalesKP VALUES(22,55,'2015/02/05',300,300*150,'2015/02/07');
INSERT INTO SalesKP VALUES(17,11,'2015/02/05',30,30*150,'2015/02/07');
INSERT INTO SalesKP VALUES(18,15,'2015/02/05',100,100*200,'2015/02/07');
INSERT INTO SalesKP VALUES(17,17,'2015/02/06',30,30*60,'2015/02/09');
INSERT INTO SalesKP VALUES(17,26,'2015/02/06',80,80*60,'2015/02/09');
INSERT INTO SalesKP VALUES(17,30,'2015/02/06',300,300*60,'2015/02/10');
INSERT INTO SalesKP VALUES(17,26,'2015/02/06',150,150*60,'2015/02/11');
INSERT INTO SalesKP VALUES(22,33,'2015/02/06',450,450*150,'2015/02/09');
INSERT INTO SalesKP VALUES(22,10,'2015/02/06',200,200*150,'2015/02/10');
INSERT INTO SalesKP VALUES(22,60,'2015/02/06',350,350*150,'2015/02/10');
INSERT INTO SalesKP VALUES(22,55,'2015/02/06',300,300*150,'2015/02/09');
INSERT INTO SalesKP VALUES(12,11,'2015/02/15',30,30*35,'2015/02/18');
INSERT INTO SalesKP VALUES(78,26,'2015/02/16',80,80*100,'2015/02/19');
INSERT INTO SalesKP VALUES(99,30,'2015/02/17',300,300*100,'2015/02/20');
INSERT INTO SalesKP VALUES(43,56,'2015/02/18',150,150*12000,'2015/02/21');
INSERT INTO SalesKP VALUES(41,56,'2015/02/23',30,30*25000,'2015/02/26');
INSERT INTO SalesKP VALUES(56,10,'2015/02/24',50,50*100,'2015/02/27');
INSERT INTO SalesKP VALUES(30,60,'2015/02/25',1000,1000*2000,'2015/02/28');
INSERT INTO SalesKP VALUES(67,23,'2015/02/26',900,900*10,'2015/02/28');
--2015/03
INSERT INTO SalesKP VALUES(94,10,'2015/03/03',30,30*500,'2015/03/06');
INSERT INTO SalesKP VALUES(93,12,'2015/03/04',100,300*3500,'2015/03/07');
INSERT INTO SalesKP VALUES(92,17,'2015/03/15',30,30*5000,'2015/03/18');
INSERT INTO SalesKP VALUES(87,26,'2015/03/16',80,80*1200,'2015/03/19');
INSERT INTO SalesKP VALUES(28,30,'2015/03/17',300,300*20,'2015/03/20');
INSERT INTO SalesKP VALUES(68,36,'2015/03/18',150,150*30,'2015/03/21');
INSERT INTO SalesKP VALUES(48,33,'2015/03/23',300,300*75,'2015/03/26');
INSERT INTO SalesKP VALUES(67,10,'2015/03/24',130,130*10,'2015/03/27');
INSERT INTO SalesKP VALUES(110,60,'2015/03/25',360,360*60,'2015/03/28');
INSERT INTO SalesKP VALUES(77,10,'2015/03/26',330,330*500,'2015/03/29');
--2015/04
INSERT INTO SalesKP VALUES(39,56,'2015/04/03',300,300*5000,'2015/04/06');
INSERT INTO SalesKP VALUES(40,29,'2015/04/04',100,100*3000,'2015/04/07');
INSERT INTO SalesKP VALUES(50,46,'2015/04/15',300,300*200,'2015/04/18');
INSERT INTO SalesKP VALUES(54,26,'2015/04/16',800,800*27000,'2015/04/19');
INSERT INTO SalesKP VALUES(96,39,'2015/04/17',300,300*1000,'2015/04/23');
INSERT INTO SalesKP VALUES(93,36,'2015/04/18',150,150*3000,'2015/04/21');
INSERT INTO SalesKP VALUES(41,33,'2015/04/23',30,30*25000,'2015/04/26');
INSERT INTO SalesKP VALUES(76,30,'2015/04/24',50,50*300,'2015/04/27');
INSERT INTO SalesKP VALUES(83,60,'2015/04/25',10,10*2500,'2015/04/30');
INSERT INTO SalesKP VALUES(55,42,'2015/04/26',900,900*25000,'2015/04/29');
--2015/05
INSERT INTO SalesKP VALUES(34,10,'2015/05/01',30,30*1500,'2015/05/06');
INSERT INTO SalesKP VALUES(106,12,'2015/05/04',300,300*1100,'2015/05/07');
INSERT INTO SalesKP VALUES(105,32,'2015/05/15',30,30*70,'2015/05/18');
INSERT INTO SalesKP VALUES(110,26,'2015/05/13',80,80*60,'2015/05/19');
INSERT INTO SalesKP VALUES(108,45,'2015/05/17',300,300*250,'2015/05/20');
INSERT INTO SalesKP VALUES(26,54,'2015/05/18',1500,1500*100,'2015/05/21');
INSERT INTO SalesKP VALUES(20,33,'2015/05/23',300,300*50,'2015/05/26');
INSERT INTO SalesKP VALUES(33,56,'2015/05/24',3,30*3000,'2015/05/27');
INSERT INTO SalesKP VALUES(100,60,'2015/05/25',30,30*600,'2015/05/28');
INSERT INTO SalesKP VALUES(42,01,'2015/05/29',30,30*1000,'2015/06/03');
--2015/06
INSERT INTO SalesKP VALUES(22,44,'2015/06/03',300,30*150,'2015/06/06');
INSERT INTO SalesKP VALUES(66,56,'2015/06/04',100,100*100,'2015/06/07');
INSERT INTO SalesKP VALUES(1,34,'2015/06/15',300,30*20,'2015/06/18');
INSERT INTO SalesKP VALUES(37,26,'2015/06/16',80,80*50000,'2015/06/19');
INSERT INTO SalesKP VALUES(36,44,'2015/06/17',150,300*500,'2015/06/20');
INSERT INTO SalesKP VALUES(19,36,'2015/06/18',150,150*300,'2015/06/21');
INSERT INTO SalesKP VALUES(41,33,'2015/06/23',30,30*25000,'2015/06/26');
INSERT INTO SalesKP VALUES(56,10,'2015/06/24',50,50*100,'2015/06/27');
INSERT INTO SalesKP VALUES(30,60,'2015/06/25',10,10*12,'2015/06/28');
INSERT INTO SalesKP VALUES(67,10,'2015/06/26',90,90*10,'2015/06/28');
--2015/07
INSERT INTO SalesKP VALUES(17,10,'2015/07/03',300,300*30,'2015/01/06');
INSERT INTO SalesKP VALUES(17,12,'2015/07/04',300,300*150,'2015/01/07');
INSERT INTO SalesKP VALUES(17,17,'2015/07/05',130,130*60,'2015/01/18');
INSERT INTO SalesKP VALUES(21,26,'2015/07/06',800,800*30,'2015/01/19');
INSERT INTO SalesKP VALUES(28,30,'2015/07/07',300,300*20,'2015/01/20');
INSERT INTO SalesKP VALUES(30,36,'2015/07/24',150,150*3000,'2015/01/21');
INSERT INTO SalesKP VALUES(41,33,'2015/07/24',320,320*25000,'2015/01/26');
INSERT INTO SalesKP VALUES(33,10,'2015/07/24',60,60*3000,'2015/01/27');
INSERT INTO SalesKP VALUES(30,60,'2015/07/25',301,301*200,'2015/01/28');
INSERT INTO SalesKP VALUES(16,10,'2015/07/28',300,300*60,'2015/01/29');
--2015/08
INSERT INTO SalesKP VALUES(54,10,'2015/08/03',30,30*27000,'2015/08/06');
INSERT INTO SalesKP VALUES(66,12,'2015/08/04',100,100*100,'2015/08/07');
INSERT INTO SalesKP VALUES(12,17,'2015/08/15',30,30*35,'2015/08/17');
INSERT INTO SalesKP VALUES(78,26,'2015/08/16',80,80*100,'2015/08/19');
INSERT INTO SalesKP VALUES(99,30,'2015/08/17',300,300*100,'2015/08/20');
INSERT INTO SalesKP VALUES(43,36,'2015/08/18',150,150*12000,'2015/08/21');
INSERT INTO SalesKP VALUES(41,33,'2015/08/23',30,30*25000,'2015/08/26');
INSERT INTO SalesKP VALUES(56,10,'2015/08/24',50,50*100,'2015/08/27');
INSERT INTO SalesKP VALUES(30,60,'2015/08/25',10,10*602000,'2015/08/28');
INSERT INTO SalesKP VALUES(67,10,'2015/08/26',90,90*10,'2015/08/28');
--2015/09
INSERT INTO SalesKP VALUES(56,10,'2015/09/03',30,30*100,'2015/09/06');
INSERT INTO SalesKP VALUES(10,12,'2015/09/04',100,300*30,'2015/09/07');
INSERT INTO SalesKP VALUES(110,17,'2015/09/15',30,30*60,'2015/09/18');
INSERT INTO SalesKP VALUES(26,26,'2015/09/16',80,80*100,'2015/09/19');
INSERT INTO SalesKP VALUES(28,30,'2015/09/17',300,300*20,'2015/09/20');
INSERT INTO SalesKP VALUES(68,36,'2015/09/18',150,150*30,'2015/09/21');
INSERT INTO SalesKP VALUES(48,33,'2015/09/23',30,30*75,'2015/09/26');
INSERT INTO SalesKP VALUES(67,10,'2015/09/24',230,230*10,'2015/09/27');
INSERT INTO SalesKP VALUES(110,60,'2015/09/25',130,130*60,'2015/09/28');
INSERT INTO SalesKP VALUES(77,10,'2015/09/29',330,330*500,'2015/10/06');
--2015/10
INSERT INTO SalesKP VALUES(9,56,'2015/10/03',300,300*25,'2015/10/06');
INSERT INTO SalesKP VALUES(6,12,'2015/10/04',100,100*500,'2015/10/07');
INSERT INTO SalesKP VALUES(45,46,'2015/10/15',30,30*35,'2015/10/18');
INSERT INTO SalesKP VALUES(39,26,'2015/10/16',80,80*70000,'2015/10/19');
INSERT INTO SalesKP VALUES(96,39,'2015/10/17',300,300*1000,'2015/10/23');
INSERT INTO SalesKP VALUES(93,36,'2015/10/18',150,150*3000,'2015/10/21');
INSERT INTO SalesKP VALUES(41,33,'2015/10/23',30,30*25000,'2015/10/26');
INSERT INTO SalesKP VALUES(76,30,'2015/10/24',50,50*300,'2015/10/27');
INSERT INTO SalesKP VALUES(83,60,'2015/10/25',10,10*2500,'2015/10/30');
INSERT INTO SalesKP VALUES(16,12,'2015/10/26',90,90*60,'2015/10/29');
--2015/11
INSERT INTO SalesKP VALUES(34,10,'2015/11/01',30,30*1500,'2015/11/06');
INSERT INTO SalesKP VALUES(70,12,'2015/11/04',30,30*10000,'2015/11/07');
INSERT INTO SalesKP VALUES(75,32,'2015/11/15',30,30*1200,'2015/11/18');
INSERT INTO SalesKP VALUES(14,26,'2015/11/13',80,80*110,'2015/11/19');
INSERT INTO SalesKP VALUES(17,45,'2015/11/17',300,300*150,'2015/11/20');
INSERT INTO SalesKP VALUES(33,36,'2015/11/18',150,150*3000,'2015/11/21');
INSERT INTO SalesKP VALUES(41,33,'2015/11/23',30,30*25000,'2015/11/26');
INSERT INTO SalesKP VALUES(33,56,'2015/11/24',30,30*3000,'2015/11/27');
INSERT INTO SalesKP VALUES(100,60,'2015/11/25',30,30*600,'2015/11/28');
INSERT INTO SalesKP VALUES(42,01,'2015/11/29',30,30*1000,'2015/12/03');
--2015/12
INSERT INTO SalesKP VALUES(93,11,'2015/12/03',300,30*3500,'2015/12/06');
INSERT INTO SalesKP VALUES(93,49,'2015/12/03',100,100*3500,'2015/12/07');
INSERT INTO SalesKP VALUES(93,12,'2015/12/03',300,30*3500,'2015/12/07');
INSERT INTO SalesKP VALUES(93,26,'2015/12/03',80,80*3500,'2015/12/07');
INSERT INTO SalesKP VALUES(93,13,'2015/12/03',150,300*3500,'2015/12/07');
INSERT INTO SalesKP VALUES(92,13,'2015/12/03',150,150*5000,'2015/12/07');
INSERT INTO SalesKP VALUES(92,56,'2015/12/03',30,30*5000,'2015/12/07');
INSERT INTO SalesKP VALUES(92,58,'2015/12/03',10,10*5000,'2015/12/07');
INSERT INTO SalesKP VALUES(92,10,'2015/12/03',90,90*5000,'2015/12/07');
INSERT INTO SalesKP VALUES(92,44,'2015/12/03',300,30*5000,'2015/12/07');
INSERT INTO SalesKP VALUES(92,49,'2015/12/03',100,100*5000,'2015/12/07');
INSERT INTO SalesKP VALUES(84,34,'2015/12/03',300,30*100,'2015/12/07');
INSERT INTO SalesKP VALUES(74,56,'2015/12/03',80,80*600,'2015/12/07');
INSERT INTO SalesKP VALUES(74,44,'2015/12/03',150,300*600,'2015/12/07');
INSERT INTO SalesKP VALUES(74,36,'2015/12/03',150,150*600,'2015/12/07');
INSERT INTO SalesKP VALUES(74,22,'2015/12/03',30,30*600,'2015/12/07');
INSERT INTO SalesKP VALUES(56,43,'2015/12/03',10,10*12,'2015/12/07');
INSERT INTO SalesKP VALUES(67,10,'2015/12/03',90,90*10,'2015/12/07');
INSERT INTO SalesKP VALUES(7,55,'2015/12/03',300,300*20,'2015/12/07');
INSERT INTO SalesKP VALUES(5,49,'2015/12/04',100,100*25,'2015/12/07');
INSERT INTO SalesKP VALUES(1,34,'2015/12/04',300,30*20,'2015/12/07');
INSERT INTO SalesKP VALUES(37,26,'2015/12/04',80,80*50000,'2015/12/07');
INSERT INTO SalesKP VALUES(36,44,'2015/12/04',150,300*500,'2015/12/07');
INSERT INTO SalesKP VALUES(19,36,'2015/12/04',150,150*300,'2015/12/07');
INSERT INTO SalesKP VALUES(41,33,'2015/12/04',30,30*25000,'2015/12/07');
INSERT INTO SalesKP VALUES(56,10,'2015/12/04',10,10*12,'2015/12/07');
INSERT INTO SalesKP VALUES(67,10,'2015/12/04',90,90*10,'2015/12/10');
INSERT INTO SalesKP VALUES(71,11,'2015/12/05',300,30*1000,'2015/12/06');
INSERT INTO SalesKP VALUES(71,49,'2015/12/05',100,100*1000,'2015/12/10');
INSERT INTO SalesKP VALUES(71,34,'2015/12/05',300,30*1000,'2015/12/10');
INSERT INTO SalesKP VALUES(71,26,'2015/12/05',80,80*1000,'2015/12/10');
INSERT INTO SalesKP VALUES(71,44,'2015/12/05',150,300*1000,'2015/12/10');
INSERT INTO SalesKP VALUES(71,36,'2015/12/05',150,150*1000,'2015/12/10');
INSERT INTO SalesKP VALUES(41,33,'2015/12/06',30,30*25000,'2015/12/10');
INSERT INTO SalesKP VALUES(43,10,'2015/12/06',10,10*12000,'2015/12/10');
INSERT INTO SalesKP VALUES(38,60,'2015/12/06',90,90*40000,'2015/12/10');
INSERT INTO SalesKP VALUES(42,43,'2015/12/06',300,30*10000,'2015/12/10');
INSERT INTO SalesKP VALUES(37,49,'2015/12/06',100,100*50000,'2015/12/10');
INSERT INTO SalesKP VALUES(40,34,'2015/12/06',300,300*3000,'2015/12/10');
INSERT INTO SalesKP VALUES(37,26,'2015/12/06',80,80*50000,'2015/12/10');
INSERT INTO SalesKP VALUES(36,44,'2015/12/06',150,300*500,'2015/12/10');
INSERT INTO SalesKP VALUES(52,36,'2015/12/06',150,150*65000,'2015/12/10');
INSERT INTO SalesKP VALUES(54,33,'2015/12/06',30,30*27000,'2015/12/10');
INSERT INTO SalesKP VALUES(55,60,'2015/12/06',10,10*25000,'2015/12/10');
INSERT INTO SalesKP VALUES(51,10,'2015/12/06',90,90*50000,'2015/12/10');
INSERT INTO SalesKP VALUES(52,36,'2015/12/06',150,150*65000,'2015/12/10');
INSERT INTO SalesKP VALUES(54,33,'2015/12/06',30,30*27000,'2015/12/10');
INSERT INTO SalesKP VALUES(55,60,'2015/12/06',10,10*25000,'2015/12/10');
INSERT INTO SalesKP VALUES(51,10,'2015/12/06',90,90*50000,'2015/12/10');
INSERT INTO SalesKP VALUES(52,36,'2015/12/06',150,150*65000,'2015/12/10');
INSERT INTO SalesKP VALUES(7,11,'2015/12/03',300,300*20,'2015/12/06');
INSERT INTO SalesKP VALUES(5,49,'2015/12/04',100,100*25,'2015/12/07');
INSERT INTO SalesKP VALUES(1,34,'2015/12/15',300,300*20,'2015/12/18');
INSERT INTO SalesKP VALUES(37,26,'2015/12/16',80,80*50000,'2015/12/19');
INSERT INTO SalesKP VALUES(36,44,'2015/12/17',150,300*500,'2015/12/20');
INSERT INTO SalesKP VALUES(19,36,'2015/12/18',150,150*300,'2015/12/21');
INSERT INTO SalesKP VALUES(41,33,'2015/12/23',30,30*25000,'2015/12/26');
INSERT INTO SalesKP VALUES(56,10,'2015/12/25',1000,1000*100,'2015/12/28');
INSERT INTO SalesKP VALUES(67,10,'2015/12/26',90,90*10,'2015/12/28');
INSERT INTO SalesKP VALUES(54,33,'2015/12/31',30,30*27000,'2016/01/06');
INSERT INTO SalesKP VALUES(55,60,'2015/12/31',10,10*25000,'2016/01/06');
INSERT INTO SalesKP VALUES(51,10,'2015/12/31',90,90*50000,'2016/01/06');
INSERT INTO SalesKP VALUES(52,36,'2015/12/31',150,150*65000,'2016/01/06');
INSERT INTO SalesKP VALUES(54,33,'2015/12/31',30,30*27000,'2016/01/06');
INSERT INTO SalesKP VALUES(55,60,'2015/12/31',10,10*25000,'2016/01/06');
INSERT INTO SalesKP VALUES(51,10,'2015/12/31',90,90*50000,'2016/01/06');
INSERT INTO SalesKP VALUES(52,36,'2015/12/31',150,150*65000,'2016/01/06');
INSERT INTO SalesKP VALUES(54,33,'2015/12/31',30,30*27000,'2016/01/06');
INSERT INTO SalesKP VALUES(55,60,'2015/12/31',10,10*25000,'2016/01/06');
INSERT INTO SalesKP VALUES(51,10,'2015/12/31',90,90*50000,'2016/01/06');
INSERT INTO SalesKP VALUES(52,36,'2015/12/31',150,150*65000,'2016/01/06');
INSERT INTO SalesKP VALUES(54,33,'2015/12/31',30,30*27000,'2016/01/06');
INSERT INTO SalesKP VALUES(55,60,'2015/12/31',10,10*25000,'2016/01/06');
INSERT INTO SalesKP VALUES(51,10,'2015/12/31',90,90*50000,'2016/01/06');
----------------------------------------------------------------------
--2016/01
INSERT INTO SalesKP VALUES(17,11,'2016/01/03',30,30*150,'2016/01/06');
INSERT INTO SalesKP VALUES(18,15,'2016/01/03',100,300*200,'2016/01/07');
INSERT INTO SalesKP VALUES(17,17,'2016/01/03',30,30*60,'2016/01/07');
INSERT INTO SalesKP VALUES(17,26,'2016/01/03',80,80*60,'2016/01/07');
INSERT INTO SalesKP VALUES(17,30,'2016/01/03',300,300*60,'2016/01/07');
INSERT INTO SalesKP VALUES(17,26,'2016/01/03',150,150*60,'2016/01/07');
INSERT INTO SalesKP VALUES(22,33,'2016/01/03',450,450*150,'2016/01/07');
INSERT INTO SalesKP VALUES(22,10,'2016/01/03',200,200*150,'2016/01/07');
INSERT INTO SalesKP VALUES(22,60,'2016/01/03',350,350*150,'2016/01/08');
INSERT INTO SalesKP VALUES(22,55,'2016/01/03',300,300*150,'2016/01/09');
INSERT INTO SalesKP VALUES(17,11,'2016/01/03',30,30*150,'2016/01/06');
INSERT INTO SalesKP VALUES(18,15,'2016/01/03',1300,1300*200,'2016/01/07');
INSERT INTO SalesKP VALUES(17,17,'2016/01/03',630,630*60,'2016/01/07');
INSERT INTO SalesKP VALUES(17,26,'2016/01/03',860,860*60,'2016/01/07');
INSERT INTO SalesKP VALUES(17,30,'2016/01/04',300,300*60,'2016/01/07');
INSERT INTO SalesKP VALUES(17,26,'2016/01/04',150,150*60,'2016/01/07');
INSERT INTO SalesKP VALUES(22,33,'2016/01/04',450,300*150,'2016/01/07');
INSERT INTO SalesKP VALUES(22,10,'2016/01/04',200,200*150,'2016/01/07');
INSERT INTO SalesKP VALUES(22,60,'2016/01/04',350,350*150,'2016/01/07');
INSERT INTO SalesKP VALUES(22,55,'2016/01/04',300,300*150,'2016/01/07');
INSERT INTO SalesKP VALUES(17,11,'2016/01/04',370,370*150,'2016/01/06');
INSERT INTO SalesKP VALUES(18,15,'2016/01/04',100,100*200,'2016/01/07');
INSERT INTO SalesKP VALUES(17,17,'2016/01/04',350,350*60,'2016/01/07');
INSERT INTO SalesKP VALUES(17,26,'2016/01/04',80,80*60,'2016/01/07');
INSERT INTO SalesKP VALUES(17,30,'2016/01/04',300,300*60,'2016/01/07');
INSERT INTO SalesKP VALUES(17,26,'2016/01/04',150,150*60,'2016/01/07');
INSERT INTO SalesKP VALUES(22,33,'2016/01/04',450,450*150,'2016/01/07');
INSERT INTO SalesKP VALUES(22,10,'2016/01/04',200,200*150,'2016/01/07');
INSERT INTO SalesKP VALUES(22,60,'2016/01/05',350,350*150,'2016/01/07');
INSERT INTO SalesKP VALUES(22,55,'2016/01/05',300,300*150,'2016/01/07');
INSERT INTO SalesKP VALUES(22,60,'2016/01/05',350,350*150,'2016/01/07');
INSERT INTO SalesKP VALUES(22,55,'2016/01/05',300,300*150,'2016/01/07');
INSERT INTO SalesKP VALUES(17,11,'2016/01/05',340,340*150,'2016/01/07');
INSERT INTO SalesKP VALUES(18,15,'2016/01/05',100,300*200,'2016/01/07');
INSERT INTO SalesKP VALUES(17,17,'2016/01/06',130,130*60,'2016/01/18');
INSERT INTO SalesKP VALUES(17,26,'2016/01/06',840,840*60,'2016/01/19');
INSERT INTO SalesKP VALUES(17,30,'2016/01/06',300,300*60,'2016/01/20');
INSERT INTO SalesKP VALUES(17,26,'2016/01/06',150,150*60,'2016/01/21');
INSERT INTO SalesKP VALUES(22,33,'2016/01/06',450,450*150,'2016/01/26');
INSERT INTO SalesKP VALUES(22,10,'2016/01/06',200,200*150,'2016/01/27');
INSERT INTO SalesKP VALUES(22,60,'2016/01/06',350,350*150,'2016/01/28');
INSERT INTO SalesKP VALUES(22,55,'2016/01/06',300,300*150,'2016/01/29');
--2016/02
INSERT INTO SalesKP VALUES(17,11,'2016/02/03',30,30*150,'2016/02/06');
INSERT INTO SalesKP VALUES(18,15,'2016/02/03',100,300*200,'2016/02/07');
INSERT INTO SalesKP VALUES(17,17,'2016/02/03',30,30*60,'2016/02/07');
INSERT INTO SalesKP VALUES(17,26,'2016/02/03',80,80*60,'2016/02/07');
INSERT INTO SalesKP VALUES(17,30,'2016/02/03',300,300*60,'2016/02/07');
INSERT INTO SalesKP VALUES(17,26,'2016/02/03',150,150*60,'2016/02/07');
INSERT INTO SalesKP VALUES(22,33,'2016/02/03',450,450*150,'2016/02/07');
INSERT INTO SalesKP VALUES(22,10,'2016/02/03',200,200*150,'2016/02/07');
INSERT INTO SalesKP VALUES(22,60,'2016/02/03',350,350*150,'2016/02/08');
INSERT INTO SalesKP VALUES(22,55,'2016/02/03',300,300*150,'2016/02/09');
INSERT INTO SalesKP VALUES(17,11,'2016/02/03',30,30*150,'2016/02/06');
INSERT INTO SalesKP VALUES(18,15,'2016/02/03',100,100*200,'2016/02/07');
INSERT INTO SalesKP VALUES(17,17,'2016/02/03',30,30*60,'2016/02/07');
INSERT INTO SalesKP VALUES(17,26,'2016/02/03',80,80*60,'2016/02/07');
INSERT INTO SalesKP VALUES(17,30,'2016/02/04',300,300*60,'2016/02/07');
INSERT INTO SalesKP VALUES(17,26,'2016/02/04',150,150*60,'2016/02/07');
INSERT INTO SalesKP VALUES(22,33,'2016/02/04',450,450*150,'2016/02/07');
INSERT INTO SalesKP VALUES(22,60,'2016/02/04',350,350*150,'2016/02/07');
INSERT INTO SalesKP VALUES(22,55,'2016/02/04',300,300*150,'2016/02/07');
INSERT INTO SalesKP VALUES(17,11,'2016/02/04',430,430*150,'2016/02/06');
INSERT INTO SalesKP VALUES(18,15,'2016/02/04',300,300*200,'2016/02/07');
INSERT INTO SalesKP VALUES(17,17,'2016/02/04',30,30*60,'2016/02/07');
INSERT INTO SalesKP VALUES(17,26,'2016/02/04',80,80*60,'2016/02/07');
INSERT INTO SalesKP VALUES(17,30,'2016/02/04',300,300*60,'2016/02/07');
INSERT INTO SalesKP VALUES(17,26,'2016/02/04',150,150*60,'2016/02/07');
INSERT INTO SalesKP VALUES(22,33,'2016/02/04',450,450*150,'2016/02/07');
INSERT INTO SalesKP VALUES(22,10,'2016/02/04',200,200*150,'2016/02/07');
INSERT INTO SalesKP VALUES(22,60,'2016/02/05',350,350*150,'2016/02/07');
INSERT INTO SalesKP VALUES(22,55,'2016/02/05',300,300*150,'2016/02/07');
INSERT INTO SalesKP VALUES(22,60,'2016/02/05',350,350*150,'2016/02/07');
INSERT INTO SalesKP VALUES(22,55,'2016/02/05',300,300*150,'2016/02/07');
INSERT INTO SalesKP VALUES(17,11,'2016/02/05',30,30*150,'2016/02/07');
INSERT INTO SalesKP VALUES(18,15,'2016/02/05',100,100*200,'2016/02/07');
INSERT INTO SalesKP VALUES(17,17,'2016/02/06',30,30*60,'2016/02/18');
INSERT INTO SalesKP VALUES(17,26,'2016/02/06',80,80*60,'2016/02/19');
INSERT INTO SalesKP VALUES(17,30,'2016/02/06',300,300*60,'2016/02/20');
INSERT INTO SalesKP VALUES(17,26,'2016/02/06',150,150*60,'2016/02/21');
INSERT INTO SalesKP VALUES(22,33,'2016/02/06',450,450*150,'2016/02/26');
INSERT INTO SalesKP VALUES(22,10,'2016/02/06',200,200*150,'2016/02/27');
INSERT INTO SalesKP VALUES(22,60,'2016/02/06',350,350*150,'2016/02/28');
INSERT INTO SalesKP VALUES(22,55,'2016/02/06',300,300*150,'2016/02/29');
INSERT INTO SalesKP VALUES(84,11,'2016/02/03',300,300*100,'2016/02/06');
INSERT INTO SalesKP VALUES(66,11,'2016/02/04',100,100*100,'2016/02/07');
INSERT INTO SalesKP VALUES(12,11,'2016/02/15',30,30*35,'2016/02/18');
INSERT INTO SalesKP VALUES(78,26,'2016/02/16',80,80*100,'2016/02/19');
INSERT INTO SalesKP VALUES(99,30,'2016/02/17',300,300*100,'2016/02/20');
INSERT INTO SalesKP VALUES(43,56,'2016/02/18',150,150*12000,'2016/02/21');
INSERT INTO SalesKP VALUES(41,56,'2016/02/23',30,30*25000,'2016/02/26');
INSERT INTO SalesKP VALUES(56,10,'2016/02/24',50,50*100,'2016/02/27');
INSERT INTO SalesKP VALUES(30,60,'2016/02/25',1000,1000*2000,'2016/02/28');
INSERT INTO SalesKP VALUES(67,23,'2016/02/26',900,900*10,'2016/02/28');

--2016/03
INSERT INTO SalesKP VALUES(56,10,'2016/03/03',30,30*100,'2016/03/06');
INSERT INTO SalesKP VALUES(10,12,'2016/03/04',100,300*30,'2016/03/07');
INSERT INTO SalesKP VALUES(110,22,'2016/03/04',30,30*60,'2016/03/09');
INSERT INTO SalesKP VALUES(26,26,'2016/03/04',80,80*100,'2016/03/09');
INSERT INTO SalesKP VALUES(28,30,'2016/03/04',300,300*20,'2016/03/09');
INSERT INTO SalesKP VALUES(68,36,'2016/03/04',150,150*30,'2016/03/09');
INSERT INTO SalesKP VALUES(48,33,'2016/03/04',30,30*75,'2016/03/11');
INSERT INTO SalesKP VALUES(67,10,'2016/03/05',30,30*10,'2016/03/07');
INSERT INTO SalesKP VALUES(110,60,'2016/03/05',30,30*60,'2016/03/08');
INSERT INTO SalesKP VALUES(77,10,'2016/03/05',30,30*500,'2016/03/09');
INSERT INTO SalesKP VALUES(56,10,'2016/03/05',30,30*100,'2016/03/07');
INSERT INTO SalesKP VALUES(10,12,'2016/03/05',300,300*30,'2016/03/07');
INSERT INTO SalesKP VALUES(110,22,'2016/03/05',30,30*60,'2016/03/08');
INSERT INTO SalesKP VALUES(26,26,'2016/03/05',80,80*100,'2016/03/09');
INSERT INTO SalesKP VALUES(28,30,'2016/03/06',300,300*20,'2016/03/10');
INSERT INTO SalesKP VALUES(68,36,'2016/03/06',150,150*30,'2016/03/11');
INSERT INTO SalesKP VALUES(48,33,'2016/03/06',30,30*75,'2016/03/09');
INSERT INTO SalesKP VALUES(67,10,'2016/03/06',300,300*10,'2016/03/07');
INSERT INTO SalesKP VALUES(110,60,'2016/03/06',130,130*60,'2016/03/08');
INSERT INTO SalesKP VALUES(77,10,'2016/03/06',30,30*500,'2016/03/09');
--2016/04
INSERT INTO SalesKP VALUES(17,11,'2016/04/03',30,30*150,'2016/04/06');
INSERT INTO SalesKP VALUES(18,15,'2016/04/03',300,300*200,'2016/04/07');
INSERT INTO SalesKP VALUES(17,17,'2016/04/03',30,30*60,'2016/04/07');
INSERT INTO SalesKP VALUES(17,26,'2016/04/03',80,80*60,'2016/04/07');
INSERT INTO SalesKP VALUES(17,30,'2016/04/03',300,300*60,'2016/04/07');
INSERT INTO SalesKP VALUES(17,26,'2016/04/03',150,150*60,'2016/04/07');
INSERT INTO SalesKP VALUES(22,33,'2016/04/03',450,450*150,'2016/04/07');
INSERT INTO SalesKP VALUES(22,10,'2016/04/03',200,200*150,'2016/04/07');
INSERT INTO SalesKP VALUES(22,60,'2016/04/03',350,350*150,'2016/04/08');
INSERT INTO SalesKP VALUES(22,55,'2016/04/03',300,300*150,'2016/04/09');
INSERT INTO SalesKP VALUES(17,11,'2016/04/03',30,30*150,'2016/04/06');
INSERT INTO SalesKP VALUES(18,15,'2016/04/03',1300,1300*200,'2016/04/07');
INSERT INTO SalesKP VALUES(17,17,'2016/04/03',30,30*60,'2016/04/07');
INSERT INTO SalesKP VALUES(17,26,'2016/04/03',80,80*60,'2016/04/07');
INSERT INTO SalesKP VALUES(17,30,'2016/04/04',300,300*60,'2016/04/07');
INSERT INTO SalesKP VALUES(17,26,'2016/04/04',150,150*60,'2016/04/07');
INSERT INTO SalesKP VALUES(22,33,'2016/04/04',300,300*150,'2016/04/07');
INSERT INTO SalesKP VALUES(22,10,'2016/04/04',200,200*150,'2016/04/07');
INSERT INTO SalesKP VALUES(22,60,'2016/04/04',350,350*150,'2016/04/07');
INSERT INTO SalesKP VALUES(22,55,'2016/04/04',300,300*150,'2016/04/07');
INSERT INTO SalesKP VALUES(17,11,'2016/04/04',30,30*150,'2016/04/06');
INSERT INTO SalesKP VALUES(18,15,'2016/04/04',30,30*60,'2016/04/07');
INSERT INTO SalesKP VALUES(17,26,'2016/04/04',80,80*60,'2016/04/07');
INSERT INTO SalesKP VALUES(17,30,'2016/04/04',300,300*60,'2016/04/07');
INSERT INTO SalesKP VALUES(17,26,'2016/04/04',150,150*60,'2016/04/07');
INSERT INTO SalesKP VALUES(22,33,'2016/04/04',450,450*150,'2016/04/07');
INSERT INTO SalesKP VALUES(22,10,'2016/04/04',200,200*150,'2016/04/07');
INSERT INTO SalesKP VALUES(22,60,'2016/04/05',350,350*150,'2016/04/07');
INSERT INTO SalesKP VALUES(22,55,'2016/04/05',300,300*150,'2016/04/07');
INSERT INTO SalesKP VALUES(22,60,'2016/04/05',350,350*150,'2016/04/07');
INSERT INTO SalesKP VALUES(22,55,'2016/04/05',300,300*150,'2016/04/07');
INSERT INTO SalesKP VALUES(17,11,'2016/04/05',30,30*150,'2016/04/07');
INSERT INTO SalesKP VALUES(18,15,'2016/04/05',100,300*200,'2016/04/07');
INSERT INTO SalesKP VALUES(17,17,'2016/04/06',30,30*60,'2016/04/10');
INSERT INTO SalesKP VALUES(17,26,'2016/04/06',80,80*60,'2016/04/10');
INSERT INTO SalesKP VALUES(17,30,'2016/04/06',300,300*60,'2016/04/10');
INSERT INTO SalesKP VALUES(17,26,'2016/04/06',150,150*60,'2016/04/11');
INSERT INTO SalesKP VALUES(22,33,'2016/04/06',450,450*150,'2016/04/10');
INSERT INTO SalesKP VALUES(22,10,'2016/04/06',200,200*150,'2016/04/11');
INSERT INTO SalesKP VALUES(22,60,'2016/04/06',350,350*150,'2016/04/11');
INSERT INTO SalesKP VALUES(22,55,'2016/04/06',300,300*150,'2016/04/11');
--2016/05
INSERT INTO SalesKP VALUES(34,10,'2016/05/01',30,30*1500,'2016/05/06');
INSERT INTO SalesKP VALUES(70,12,'2016/05/04',30,30*10000,'2016/05/07');
INSERT INTO SalesKP VALUES(75,32,'2016/05/15',30,30*1200,'2016/05/18');
INSERT INTO SalesKP VALUES(14,26,'2016/05/13',80,80*110,'2016/05/19');
INSERT INTO SalesKP VALUES(22,45,'2016/05/17',300,300*150,'2016/05/20');
INSERT INTO SalesKP VALUES(33,36,'2016/05/18',150,150*3000,'2016/05/21');
INSERT INTO SalesKP VALUES(41,33,'2016/05/23',30,30*25000,'2016/05/26');
INSERT INTO SalesKP VALUES(33,56,'2016/05/24',30,30*3000,'2016/05/27');
INSERT INTO SalesKP VALUES(100,60,'2016/05/25',30,30*600,'2016/05/28');
INSERT INTO SalesKP VALUES(42,01,'2016/05/29',30,30*1000,'2016/05/03');
--2016/06
INSERT INTO SalesKP VALUES(7,11,'2016/06/03',300,30*20,'2016/06/06');
INSERT INTO SalesKP VALUES(5,49,'2016/06/04',100,100*25,'2016/06/07');
INSERT INTO SalesKP VALUES(1,34,'2016/06/15',300,30*20,'2016/06/18');
INSERT INTO SalesKP VALUES(37,26,'2016/06/16',80,80*50000,'2016/06/19');
INSERT INTO SalesKP VALUES(36,44,'2016/06/17',150,300*500,'2016/06/20');
INSERT INTO SalesKP VALUES(19,36,'2016/06/18',150,150*300,'2016/06/21');
INSERT INTO SalesKP VALUES(41,33,'2016/06/23',30,30*25000,'2016/06/26');
INSERT INTO SalesKP VALUES(56,10,'2016/06/24',50,50*100,'2016/06/27');
INSERT INTO SalesKP VALUES(30,60,'2016/06/25',1000,1000*12,'2016/06/28');
INSERT INTO SalesKP VALUES(67,10,'2016/06/26',90,90*10,'2016/06/28');
--2016/07
INSERT INTO SalesKP VALUES(17,10,'2016/07/03',30,30*30,'2016/01/06');
INSERT INTO SalesKP VALUES(22,12,'2016/07/04',300,300*150,'2016/01/07');
INSERT INTO SalesKP VALUES(17,22,'2016/07/05',30,30*60,'2016/01/18');
INSERT INTO SalesKP VALUES(21,26,'2016/07/06',800,800*30,'2016/01/19');
INSERT INTO SalesKP VALUES(28,30,'2016/07/07',300,300*20,'2016/01/20');
INSERT INTO SalesKP VALUES(30,36,'2016/07/24',150,150*3000,'2016/01/21');
INSERT INTO SalesKP VALUES(41,33,'2016/07/24',30,30*25000,'2016/01/26');
INSERT INTO SalesKP VALUES(33,10,'2016/07/24',60,60*3000,'2016/01/27');
INSERT INTO SalesKP VALUES(30,60,'2016/07/25',30,30*200,'2016/01/28');
INSERT INTO SalesKP VALUES(16,10,'2016/07/28',300,300*60,'2016/01/29');
--2016/08
INSERT INTO SalesKP VALUES(54,10,'2016/08/03',30,30*27000,'2016/08/06');
INSERT INTO SalesKP VALUES(66,12,'2016/08/04',100,100*100,'2016/08/07');
INSERT INTO SalesKP VALUES(12,22,'2016/08/15',30,30*35,'2016/08/17');
INSERT INTO SalesKP VALUES(78,26,'2016/08/16',80,80*100,'2016/08/19');
INSERT INTO SalesKP VALUES(99,30,'2016/08/17',300,300*100,'2016/08/20');
INSERT INTO SalesKP VALUES(43,36,'2016/08/18',150,150*12000,'2016/08/21');
INSERT INTO SalesKP VALUES(41,33,'2016/08/23',30,30*25000,'2016/08/26');
INSERT INTO SalesKP VALUES(56,10,'2016/08/24',50,50*100,'2016/08/27');
INSERT INTO SalesKP VALUES(30,60,'2016/08/25',10,10*602000,'2016/08/28');
INSERT INTO SalesKP VALUES(67,10,'2016/08/26',90,90*10,'2016/08/28');
--2016/09
INSERT INTO SalesKP VALUES(56,10,'2016/09/03',30,30*100,'2016/09/06');
INSERT INTO SalesKP VALUES(10,12,'2016/09/04',100,300*30,'2016/09/07');
INSERT INTO SalesKP VALUES(110,22,'2016/09/15',30,30*60,'2016/09/18');
INSERT INTO SalesKP VALUES(26,26,'2016/09/16',80,80*100,'2016/09/19');
INSERT INTO SalesKP VALUES(28,30,'2016/09/17',300,300*20,'2016/09/20');
INSERT INTO SalesKP VALUES(68,36,'2016/09/18',150,150*30,'2016/09/21');
INSERT INTO SalesKP VALUES(48,33,'2016/09/23',30,30*75,'2016/09/26');
INSERT INTO SalesKP VALUES(67,10,'2016/09/24',30,30*10,'2016/09/27');
INSERT INTO SalesKP VALUES(110,60,'2016/09/25',30,30*60,'2016/09/28');
INSERT INTO SalesKP VALUES(77,10,'2016/09/29',30,30*500,'2016/10/06');
--2016/10
INSERT INTO SalesKP VALUES(9,56,'2016/10/03',300,300*25,'2016/10/06');
INSERT INTO SalesKP VALUES(6,12,'2016/10/04',100,100*500,'2016/10/07');
INSERT INTO SalesKP VALUES(45,46,'2016/10/15',30,30*35,'2016/10/18');
INSERT INTO SalesKP VALUES(39,26,'2016/10/16',80,80*70000,'2016/10/19');
INSERT INTO SalesKP VALUES(96,39,'2016/10/17',300,300*1000,'2016/10/23');
INSERT INTO SalesKP VALUES(93,36,'2016/10/18',150,150*3000,'2016/10/21');
INSERT INTO SalesKP VALUES(41,33,'2016/10/23',30,30*25000,'2016/10/26');
INSERT INTO SalesKP VALUES(76,30,'2016/10/24',50,50*300,'2016/10/27');
INSERT INTO SalesKP VALUES(83,60,'2016/10/25',10,10*2500,'2016/10/30');
INSERT INTO SalesKP VALUES(16,12,'2016/10/26',90,90*60,'2016/10/29');
--2016/11
INSERT INTO SalesKP VALUES(34,10,'2016/11/01',30,30*1500,'2016/11/06');
INSERT INTO SalesKP VALUES(70,12,'2016/11/04',30,30*10000,'2016/11/07');
INSERT INTO SalesKP VALUES(75,32,'2016/11/15',30,30*1200,'2016/11/18');
INSERT INTO SalesKP VALUES(14,26,'2016/11/13',80,80*110,'2016/11/19');
INSERT INTO SalesKP VALUES(22,45,'2016/11/17',300,300*150,'2016/11/20');
INSERT INTO SalesKP VALUES(33,36,'2016/11/18',150,150*3000,'2016/11/21');
INSERT INTO SalesKP VALUES(41,33,'2016/11/23',30,30*25000,'2016/11/26');
INSERT INTO SalesKP VALUES(33,56,'2016/11/24',30,30*3000,'2016/11/27');
INSERT INTO SalesKP VALUES(100,60,'2016/11/25',30,30*600,'2016/11/28');
INSERT INTO SalesKP VALUES(42,01,'2016/11/29',30,30*1000,'2016/12/03');
--2016/12
-----------------------------------------------------------------------
INSERT INTO SalesKP VALUES(93,11,'2016/12/03',300,30*3500,'2016/12/06');
INSERT INTO SalesKP VALUES(93,49,'2016/12/03',100,100*3500,'2016/12/07');
INSERT INTO SalesKP VALUES(93,34,'2016/12/03',300,30*3500,'2016/12/07');
INSERT INTO SalesKP VALUES(93,26,'2016/12/03',80,80*3500,'2016/12/07');
INSERT INTO SalesKP VALUES(93,44,'2016/12/03',150,300*3500,'2016/12/07');
INSERT INTO SalesKP VALUES(92,36,'2016/12/03',150,150*5000,'2016/12/07');
INSERT INTO SalesKP VALUES(92,33,'2016/12/03',30,30*5000,'2016/12/07');
INSERT INTO SalesKP VALUES(92,10,'2016/12/03',10,10*5000,'2016/12/07');
INSERT INTO SalesKP VALUES(92,10,'2016/12/03',90,90*5000,'2016/12/07');
INSERT INTO SalesKP VALUES(92,11,'2016/12/03',300,30*5000,'2016/12/07');
INSERT INTO SalesKP VALUES(92,49,'2016/12/03',100,100*5000,'2016/12/07');
INSERT INTO SalesKP VALUES(84,34,'2016/12/03',300,30*100,'2016/12/07');
INSERT INTO SalesKP VALUES(74,26,'2016/12/03',80,80*600,'2016/12/07');
INSERT INTO SalesKP VALUES(74,44,'2016/12/03',150,300*600,'2016/12/07');
INSERT INTO SalesKP VALUES(74,36,'2016/12/03',150,150*600,'2016/12/07');
INSERT INTO SalesKP VALUES(74,33,'2016/12/03',30,30*600,'2016/12/07');
INSERT INTO SalesKP VALUES(56,10,'2016/12/03',10,10*12,'2016/12/07');
INSERT INTO SalesKP VALUES(67,10,'2016/12/03',90,90*10,'2016/12/07');
INSERT INTO SalesKP VALUES(7,11,'2016/12/03',300,30*20,'2016/12/07');
INSERT INTO SalesKP VALUES(5,49,'2016/12/04',100,100*25,'2016/12/07');
INSERT INTO SalesKP VALUES(1,34,'2016/12/04',300,30*20,'2016/12/07');
INSERT INTO SalesKP VALUES(37,26,'2016/12/04',80,80*50000,'2016/12/07');
INSERT INTO SalesKP VALUES(36,44,'2016/12/04',150,300*500,'2016/12/07');
INSERT INTO SalesKP VALUES(19,36,'2016/12/04',150,150*300,'2016/12/07');
INSERT INTO SalesKP VALUES(41,33,'2016/12/04',30,30*25000,'2016/12/07');
INSERT INTO SalesKP VALUES(56,10,'2016/12/04',10,10*12,'2016/12/07');
INSERT INTO SalesKP VALUES(67,10,'2016/12/04',90,90*10,'2016/12/10');
INSERT INTO SalesKP VALUES(71,11,'2016/12/05',300,30*1000,'2016/12/06');
INSERT INTO SalesKP VALUES(71,49,'2016/12/05',100,100*1000,'2016/12/10');
INSERT INTO SalesKP VALUES(71,34,'2016/12/05',300,30*1000,'2016/12/10');
INSERT INTO SalesKP VALUES(71,26,'2016/12/05',80,80*1000,'2016/12/10');
INSERT INTO SalesKP VALUES(71,44,'2016/12/05',150,300*1000,'2016/12/10');
INSERT INTO SalesKP VALUES(71,36,'2016/12/05',150,150*1000,'2016/12/10');
INSERT INTO SalesKP VALUES(41,33,'2016/12/06',30,30*25000,'2016/12/10');
INSERT INTO SalesKP VALUES(43,10,'2016/12/06',100,100*12000,'2016/12/10');
INSERT INTO SalesKP VALUES(38,60,'2016/12/06',90,90*40000,'2016/12/10');
INSERT INTO SalesKP VALUES(42,43,'2016/12/06',300,30*10000,'2016/12/10');
INSERT INTO SalesKP VALUES(37,49,'2016/12/06',100,100*50000,'2016/12/10');
INSERT INTO SalesKP VALUES(40,34,'2016/12/06',300,300*3000,'2016/12/10');
INSERT INTO SalesKP VALUES(37,26,'2016/12/06',8,8*50000,'2016/12/10');
INSERT INTO SalesKP VALUES(36,44,'2016/12/06',150,300*500,'2016/12/10');
INSERT INTO SalesKP VALUES(52,36,'2016/12/06',150,150*65000,'2016/12/10');
INSERT INTO SalesKP VALUES(54,33,'2016/12/06',30,30*27000,'2016/12/10');
INSERT INTO SalesKP VALUES(55,60,'2016/12/06',10,10*25000,'2016/12/10');
INSERT INTO SalesKP VALUES(51,10,'2016/12/06',90,90*50000,'2016/12/10');
INSERT INTO SalesKP VALUES(52,36,'2016/12/06',150,150*65000,'2016/12/10');
INSERT INTO SalesKP VALUES(54,33,'2016/12/06',30,30*27000,'2016/12/10');
INSERT INTO SalesKP VALUES(55,60,'2016/12/06',10,10*25000,'2016/12/10');
INSERT INTO SalesKP VALUES(51,10,'2016/12/06',90,90*50000,'2016/12/10');
INSERT INTO SalesKP VALUES(52,36,'2016/12/06',150,150*65000,'2016/12/10');
INSERT INTO SalesKP VALUES(54,33,'2016/12/31',30,30*27000,'2016/01/06');
INSERT INTO SalesKP VALUES(55,60,'2016/12/31',10,10*25000,'2016/01/06');
INSERT INTO SalesKP VALUES(51,10,'2016/12/31',90,90*50000,'2016/01/06');
INSERT INTO SalesKP VALUES(52,36,'2016/12/31',150,150*65000,'2016/01/06');
INSERT INTO SalesKP VALUES(54,33,'2016/12/31',30,30*27000,'2016/01/06');
INSERT INTO SalesKP VALUES(55,60,'2016/12/31',10,10*25000,'2016/01/06');
INSERT INTO SalesKP VALUES(51,10,'2016/12/31',90,90*50000,'2016/01/06');
INSERT INTO SalesKP VALUES(52,36,'2016/12/31',150,150*65000,'2016/01/06');
INSERT INTO SalesKP VALUES(54,33,'2016/12/31',30,30*27000,'2016/01/06');
INSERT INTO SalesKP VALUES(55,60,'2016/12/31',10,10*25000,'2016/01/06');
INSERT INTO SalesKP VALUES(51,10,'2016/12/31',90,90*50000,'2016/01/06');
INSERT INTO SalesKP VALUES(52,36,'2016/12/31',150,150*65000,'2016/01/06');
INSERT INTO SalesKP VALUES(54,33,'2016/12/31',30,30*27000,'2016/01/06');
INSERT INTO SalesKP VALUES(55,60,'2016/12/31',10,10*25000,'2016/01/06');
INSERT INTO SalesKP VALUES(51,10,'2016/12/31',90,90*50000,'2016/01/06');
-------------------------------------------------------------------------------
----------------------------------------------------------------------
--2017/01
INSERT INTO SalesKP VALUES(17,11,'2017/01/03',300,300*150,'2017/01/06');
INSERT INTO SalesKP VALUES(18,15,'2017/01/03',100,300*200,'2017/01/07');
INSERT INTO SalesKP VALUES(17,17,'2017/01/03',300,300*60,'2017/01/07');
INSERT INTO SalesKP VALUES(17,26,'2017/01/03',800,800*60,'2017/01/07');
INSERT INTO SalesKP VALUES(17,30,'2017/01/03',300,300*60,'2017/01/07');
INSERT INTO SalesKP VALUES(17,26,'2017/01/03',150,150*60,'2017/01/07');
INSERT INTO SalesKP VALUES(22,33,'2017/01/03',450,450*150,'2017/01/07');
INSERT INTO SalesKP VALUES(22,10,'2017/01/03',200,200*150,'2017/01/07');
INSERT INTO SalesKP VALUES(22,60,'2017/01/03',350,350*150,'2017/01/08');
INSERT INTO SalesKP VALUES(22,55,'2017/01/03',300,300*150,'2017/01/09');
INSERT INTO SalesKP VALUES(17,11,'2017/01/03',30,30*150,'2017/01/06');
INSERT INTO SalesKP VALUES(18,15,'2017/01/03',1300,1300*200,'2017/01/07');
INSERT INTO SalesKP VALUES(17,17,'2017/01/03',30,30*60,'2017/01/07');
INSERT INTO SalesKP VALUES(17,26,'2017/01/03',800,800*60,'2017/01/07');
INSERT INTO SalesKP VALUES(17,30,'2017/01/04',300,300*60,'2017/01/07');
INSERT INTO SalesKP VALUES(17,26,'2017/01/04',150,150*60,'2017/01/07');
INSERT INTO SalesKP VALUES(22,33,'2017/01/04',450,300*150,'2017/01/07');
INSERT INTO SalesKP VALUES(22,10,'2017/01/04',200,200*150,'2017/01/07');
INSERT INTO SalesKP VALUES(22,60,'2017/01/04',350,350*150,'2017/01/07');
INSERT INTO SalesKP VALUES(22,55,'2017/01/04',300,300*150,'2017/01/07');
INSERT INTO SalesKP VALUES(17,11,'2017/01/04',30,30*150,'2017/01/06');
INSERT INTO SalesKP VALUES(18,15,'2017/01/04',100,100*200,'2017/01/07');
INSERT INTO SalesKP VALUES(17,17,'2017/01/04',30,30*60,'2017/01/07');
INSERT INTO SalesKP VALUES(17,26,'2017/01/04',80,80*60,'2017/01/07');
INSERT INTO SalesKP VALUES(17,30,'2017/01/04',300,300*60,'2017/01/07');
INSERT INTO SalesKP VALUES(17,26,'2017/01/04',150,150*60,'2017/01/07');
INSERT INTO SalesKP VALUES(22,33,'2017/01/04',450,450*150,'2017/01/07');
INSERT INTO SalesKP VALUES(22,10,'2017/01/04',200,200*150,'2017/01/07');
INSERT INTO SalesKP VALUES(22,60,'2017/01/05',350,350*150,'2017/01/07');
INSERT INTO SalesKP VALUES(22,55,'2017/01/05',300,300*150,'2017/01/07');
INSERT INTO SalesKP VALUES(22,60,'2017/01/05',350,350*150,'2017/01/07');
INSERT INTO SalesKP VALUES(22,55,'2017/01/05',300,300*150,'2017/01/07');
INSERT INTO SalesKP VALUES(17,11,'2017/01/05',30,30*150,'2017/01/07');
INSERT INTO SalesKP VALUES(18,15,'2017/01/05',100,300*200,'2017/01/07');
INSERT INTO SalesKP VALUES(17,17,'2017/01/06',30,30*60,'2017/01/18');
INSERT INTO SalesKP VALUES(17,26,'2017/01/06',80,80*60,'2017/01/19');
INSERT INTO SalesKP VALUES(17,30,'2017/01/06',300,300*60,'2017/01/20');
INSERT INTO SalesKP VALUES(17,26,'2017/01/06',150,150*60,'2017/01/21');
INSERT INTO SalesKP VALUES(22,33,'2017/01/06',450,450*150,'2017/01/26');
INSERT INTO SalesKP VALUES(22,10,'2017/01/06',200,200*150,'2017/01/27');
INSERT INTO SalesKP VALUES(22,60,'2017/01/06',350,350*150,'2017/01/28');
INSERT INTO SalesKP VALUES(22,55,'2017/01/06',300,300*150,'2017/01/29');
--2017/02
INSERT INTO SalesKP VALUES(17,11,'2017/02/03',30,30*150,'2017/02/06');
INSERT INTO SalesKP VALUES(18,15,'2017/02/03',100,300*200,'2017/02/07');
INSERT INTO SalesKP VALUES(17,17,'2017/02/03',30,30*60,'2017/02/07');
INSERT INTO SalesKP VALUES(17,26,'2017/02/03',80,80*60,'2017/02/07');
INSERT INTO SalesKP VALUES(17,30,'2017/02/03',300,300*60,'2017/02/07');
INSERT INTO SalesKP VALUES(17,26,'2017/02/03',150,150*60,'2017/02/07');
INSERT INTO SalesKP VALUES(22,33,'2017/02/03',450,450*150,'2017/02/07');
INSERT INTO SalesKP VALUES(22,10,'2017/02/03',200,200*150,'2017/02/07');
INSERT INTO SalesKP VALUES(22,60,'2017/02/03',350,350*150,'2017/02/08');
INSERT INTO SalesKP VALUES(22,55,'2017/02/03',300,300*150,'2017/02/09');
INSERT INTO SalesKP VALUES(17,11,'2017/02/03',30,30*150,'2017/02/06');
INSERT INTO SalesKP VALUES(18,15,'2017/02/03',100,100*200,'2017/02/07');
INSERT INTO SalesKP VALUES(17,17,'2017/02/03',30,30*60,'2017/02/07');
INSERT INTO SalesKP VALUES(17,26,'2017/02/03',80,80*60,'2017/02/07');
INSERT INTO SalesKP VALUES(84,11,'2017/02/03',300,300*100,'2017/02/06');
INSERT INTO SalesKP VALUES(66,11,'2017/02/04',100,100*100,'2017/02/07');
INSERT INTO SalesKP VALUES(17,30,'2017/02/04',300,300*60,'2017/02/07');
INSERT INTO SalesKP VALUES(17,26,'2017/02/04',150,150*60,'2017/02/07');
INSERT INTO SalesKP VALUES(22,33,'2017/02/04',450,450*150,'2017/02/07');
INSERT INTO SalesKP VALUES(22,60,'2017/02/04',350,350*150,'2017/02/07');
INSERT INTO SalesKP VALUES(22,55,'2017/02/04',300,300*150,'2017/02/07');
INSERT INTO SalesKP VALUES(17,11,'2017/02/04',430,430*150,'2017/02/06');
INSERT INTO SalesKP VALUES(18,15,'2017/02/04',300,300*200,'2017/02/07');
INSERT INTO SalesKP VALUES(17,17,'2017/02/04',30,30*60,'2017/02/07');
INSERT INTO SalesKP VALUES(17,26,'2017/02/04',80,80*60,'2017/02/07');
INSERT INTO SalesKP VALUES(17,30,'2017/02/04',300,300*60,'2017/02/07');
INSERT INTO SalesKP VALUES(17,26,'2017/02/04',150,150*60,'2017/02/07');
INSERT INTO SalesKP VALUES(22,33,'2017/02/04',450,450*150,'2017/02/07');
INSERT INTO SalesKP VALUES(22,10,'2017/02/04',200,200*150,'2017/02/07');
INSERT INTO SalesKP VALUES(22,60,'2017/02/05',350,350*150,'2017/02/07');
INSERT INTO SalesKP VALUES(22,55,'2017/02/05',300,300*150,'2017/02/07');
INSERT INTO SalesKP VALUES(22,60,'2017/02/05',350,350*150,'2017/02/07');
INSERT INTO SalesKP VALUES(22,55,'2017/02/05',300,300*150,'2017/02/07');
INSERT INTO SalesKP VALUES(17,11,'2017/02/05',30,30*150,'2017/02/07');
INSERT INTO SalesKP VALUES(18,15,'2017/02/05',100,100*200,'2017/02/07');
INSERT INTO SalesKP VALUES(17,17,'2017/02/06',30,30*60,'2017/02/11');
INSERT INTO SalesKP VALUES(17,26,'2017/02/06',80,80*60,'2017/02/11');
INSERT INTO SalesKP VALUES(17,30,'2017/02/06',300,300*60,'2017/02/10');
INSERT INTO SalesKP VALUES(17,26,'2017/02/06',150,150*60,'2017/02/11');
INSERT INTO SalesKP VALUES(22,33,'2017/02/06',450,450*150,'2017/02/11');
INSERT INTO SalesKP VALUES(22,10,'2017/02/06',200,200*150,'2017/02/11');
INSERT INTO SalesKP VALUES(22,60,'2017/02/06',350,350*150,'2017/02/11');
INSERT INTO SalesKP VALUES(22,55,'2017/02/06',300,300*150,'2017/02/11');

INSERT INTO SalesKP VALUES(12,11,'2017/02/15',30,30*35,'2017/02/18');
INSERT INTO SalesKP VALUES(78,26,'2017/02/16',80,80*100,'2017/02/19');
INSERT INTO SalesKP VALUES(99,30,'2017/02/17',300,300*100,'2017/02/20');
INSERT INTO SalesKP VALUES(43,56,'2017/02/18',150,150*12000,'2017/02/21');
INSERT INTO SalesKP VALUES(41,56,'2017/02/23',30,30*25000,'2017/02/26');
INSERT INTO SalesKP VALUES(56,10,'2017/02/24',50,50*100,'2017/02/27');
INSERT INTO SalesKP VALUES(30,60,'2017/02/25',1000,1000*2000,'2017/02/28');
INSERT INTO SalesKP VALUES(67,23,'2017/02/26',900,900*10,'2017/02/28');

--2017/03

INSERT INTO SalesKP VALUES(1,10,'2018/03/01',309,30*20,'2018/03/05');
INSERT INTO SalesKP VALUES(1,11,'2018/03/01',300,30*20,'2018/03/05');
INSERT INTO SalesKP VALUES(1,12,'2018/03/01',310,30*20,'2018/03/05');
INSERT INTO SalesKP VALUES(1,21,'2018/03/02',340,30*20,'2018/03/05');
INSERT INTO SalesKP VALUES(1,13,'2018/03/02',345,30*20,'2018/03/05');
INSERT INTO SalesKP VALUES(1,31,'2018/03/02',344,30*20,'2018/03/05');
INSERT INTO SalesKP VALUES(18,15,'2018/03/02',100,300*200,'2018/03/05');
INSERT INTO SalesKP VALUES(1,1,'2018/03/03',30,30*20,'2018/03/05');
INSERT INTO SalesKP VALUES(1,26,'2018/03/03',80,80*20,'2018/03/05');
INSERT INTO SalesKP VALUES(1,30,'2018/03/03',300,300*20,'2018/03/05');
INSERT INTO SalesKP VALUES(17,11,'2018/03/03',30,30*150,'2018/03/06');
INSERT INTO SalesKP VALUES(18,15,'2018/03/03',100,300*200,'2018/03/07');
INSERT INTO SalesKP VALUES(17,17,'2018/03/03',30,30*60,'2018/03/07');
INSERT INTO SalesKP VALUES(17,26,'2018/03/03',80,80*60,'2018/03/07');
INSERT INTO SalesKP VALUES(17,30,'2018/03/03',300,300*60,'2018/03/07');
INSERT INTO SalesKP VALUES(17,26,'2018/03/03',150,150*60,'2018/03/07');
INSERT INTO SalesKP VALUES(22,33,'2018/03/03',450,450*150,'2018/03/07');
INSERT INTO SalesKP VALUES(22,10,'2018/03/03',200,200*150,'2018/03/07');
INSERT INTO SalesKP VALUES(22,60,'2018/03/03',350,350*150,'2018/03/08');
INSERT INTO SalesKP VALUES(22,55,'2018/03/03',300,300*150,'2018/03/09');
INSERT INTO SalesKP VALUES(17,11,'2018/03/03',30,30*150,'2018/03/06');
INSERT INTO SalesKP VALUES(18,15,'2018/03/03',1300,1300*200,'2018/03/07');
INSERT INTO SalesKP VALUES(17,17,'2018/03/03',30,30*60,'2018/03/07');
INSERT INTO SalesKP VALUES(17,26,'2018/03/03',80,80*60,'2018/03/07');
INSERT INTO SalesKP VALUES(17,30,'2018/03/03',300,300*60,'2018/03/07');
INSERT INTO SalesKP VALUES(17,26,'2018/03/03',150,150*60,'2018/03/07');
INSERT INTO SalesKP VALUES(22,33,'2018/03/03',450,300*150,'2018/03/07');
INSERT INTO SalesKP VALUES(22,10,'2018/03/03',200,200*150,'2018/03/07');
INSERT INTO SalesKP VALUES(22,60,'2018/03/03',350,350*150,'2018/03/07');
INSERT INTO SalesKP VALUES(22,55,'2018/03/03',300,300*150,'2018/03/07');
INSERT INTO SalesKP VALUES(17,11,'2018/03/03',30,30*150,'2018/03/06');
INSERT INTO SalesKP VALUES(18,15,'2018/03/03',30,30*60,'2018/03/07');
INSERT INTO SalesKP VALUES(17,26,'2018/03/03',80,80*60,'2018/03/07');
INSERT INTO SalesKP VALUES(17,30,'2018/03/03',300,300*60,'2018/03/07');
INSERT INTO SalesKP VALUES(17,26,'2018/03/03',150,150*60,'2018/03/07');
INSERT INTO SalesKP VALUES(22,33,'2018/03/03',450,450*150,'2018/03/07');
INSERT INTO SalesKP VALUES(22,10,'2018/03/03',200,200*150,'2018/03/07');
INSERT INTO SalesKP VALUES(56,10,'2017/03/03',30,30*100,'2017/03/06');
INSERT INTO SalesKP VALUES(10,12,'2017/03/04',100,300*30,'2017/03/07');
INSERT INTO SalesKP VALUES(110,22,'2017/03/04',30,30*60,'2017/03/09');
INSERT INTO SalesKP VALUES(26,26,'2017/03/04',80,80*100,'2017/03/09');
INSERT INTO SalesKP VALUES(28,30,'2017/03/04',300,300*20,'2017/03/09');
INSERT INTO SalesKP VALUES(68,36,'2017/03/04',150,150*30,'2017/03/09');
INSERT INTO SalesKP VALUES(48,33,'2017/03/04',30,30*75,'2017/03/11');
INSERT INTO SalesKP VALUES(22,60,'2018/03/05',350,350*150,'2018/03/07');
INSERT INTO SalesKP VALUES(22,55,'2018/03/05',300,300*150,'2018/03/07');
INSERT INTO SalesKP VALUES(22,60,'2018/03/05',350,350*150,'2018/03/07');
INSERT INTO SalesKP VALUES(22,55,'2018/03/05',300,300*150,'2018/03/07');
INSERT INTO SalesKP VALUES(17,11,'2018/03/05',30,30*150,'2018/03/07');
INSERT INTO SalesKP VALUES(18,15,'2018/03/05',100,300*200,'2018/03/07');
INSERT INTO SalesKP VALUES(67,10,'2017/03/05',30,30*10,'2017/03/07');
INSERT INTO SalesKP VALUES(110,60,'2017/03/05',30,30*60,'2017/03/08');
INSERT INTO SalesKP VALUES(77,10,'2017/03/05',30,30*500,'2017/03/09');
INSERT INTO SalesKP VALUES(56,10,'2017/03/05',30,30*100,'2017/03/07');
INSERT INTO SalesKP VALUES(10,12,'2017/03/05',300,300*30,'2017/03/07');
INSERT INTO SalesKP VALUES(110,22,'2017/03/05',40,40*60,'2017/03/08');
INSERT INTO SalesKP VALUES(26,26,'2017/03/05',80,80*100,'2017/03/09');
INSERT INTO SalesKP VALUES(28,30,'2017/03/06',300,300*20,'2017/03/10');
INSERT INTO SalesKP VALUES(68,36,'2017/03/06',150,150*30,'2017/03/11');
INSERT INTO SalesKP VALUES(48,33,'2017/03/06',30,30*75,'2017/03/09');
INSERT INTO SalesKP VALUES(67,10,'2017/03/06',30,30*10,'2017/03/07');
INSERT INTO SalesKP VALUES(110,60,'2017/03/06',30,30*60,'2017/03/08');
INSERT INTO SalesKP VALUES(77,10,'2017/03/06',30,30*500,'2017/03/09');
INSERT INTO SalesKP VALUES(17,17,'2018/03/06',30,30*60,'2018/03/18');
INSERT INTO SalesKP VALUES(17,26,'2018/03/06',80,80*60,'2018/03/19');
INSERT INTO SalesKP VALUES(17,30,'2018/03/06',300,300*60,'2018/03/20');
INSERT INTO SalesKP VALUES(17,26,'2018/03/06',150,150*60,'2018/03/21');
INSERT INTO SalesKP VALUES(22,33,'2018/03/06',450,450*150,'2018/03/26');
INSERT INTO SalesKP VALUES(22,10,'2018/03/06',200,200*150,'2018/03/27');
INSERT INTO SalesKP VALUES(22,60,'2018/03/06',350,350*150,'2018/03/28');
INSERT INTO SalesKP VALUES(22,55,'2018/03/06',300,300*150,'2018/03/29');
INSERT INTO SalesKP VALUES(1,26,'2018/03/06',20,20*20,'2018/03/05');
INSERT INTO SalesKP VALUES(22,33,'2018/03/06',450,450*20,'2018/03/05');
INSERT INTO SalesKP VALUES(22,10,'2018/03/06',200,200*20,'2018/03/05');
INSERT INTO SalesKP VALUES(22,60,'2018/03/06',350,350*20,'2018/03/05');
INSERT INTO SalesKP VALUES(22,55,'2018/03/06',300,300*20,'2018/03/09');
INSERT INTO SalesKP VALUES(1,1,'2018/03/06',30,30*20,'2018/03/07');
INSERT INTO SalesKP VALUES(18,15,'2018/03/06',100,100*200,'2018/03/09');
INSERT INTO SalesKP VALUES(1,1,'2018/03/06',30,30*20,'2018/03/09');
INSERT INTO SalesKP VALUES(1,26,'2018/03/06',80,80*20,'2018/03/10');
INSERT INTO SalesKP VALUES(1,30,'2018/03/06',300,300*20,'2018/03/10');
INSERT INTO SalesKP VALUES(1,26,'2018/03/06',20,20*20,'2018/03/10');
INSERT INTO SalesKP VALUES(22,33,'2018/03/06',450,450*20,'2018/03/10');
INSERT INTO SalesKP VALUES(22,60,'2018/03/06',350,350*20,'2018/03/10');
INSERT INTO SalesKP VALUES(22,33,'2018/03/06',450,450*20,'2018/03/11');
INSERT INTO SalesKP VALUES(22,10,'2018/03/06',200,200*20,'2018/03/11');
INSERT INTO SalesKP VALUES(22,60,'2018/03/06',350,350*20,'2018/03/11');
INSERT INTO SalesKP VALUES(22,55,'2018/03/06',300,300*20,'2018/03/11');
INSERT INTO SalesKP VALUES(84,1,'2018/03/08',300,300*100,'2018/03/12');
INSERT INTO SalesKP VALUES(22,55,'2018/03/13',300,300*20,'2018/03/17');
INSERT INTO SalesKP VALUES(1,1,'2018/03/13',430,430*20,'2018/03/17');
INSERT INTO SalesKP VALUES(18,15,'2018/03/13',300,300*200,'2018/03/17');
INSERT INTO SalesKP VALUES(1,1,'2018/03/13',30,30*20,'2018/03/17');
INSERT INTO SalesKP VALUES(1,26,'2018/03/13',80,80*20,'2018/03/17');
INSERT INTO SalesKP VALUES(1,30,'2018/03/23',300,300*20,'2018/03/27');
INSERT INTO SalesKP VALUES(1,26,'2018/03/23',20,20*20,'2018/03/27');
INSERT INTO SalesKP VALUES(22,33,'2018/03/23',450,450*20,'2018/03/27');
INSERT INTO SalesKP VALUES(22,10,'2018/03/23',200,200*20,'2018/03/27');
INSERT INTO SalesKP VALUES(22,60,'2018/03/23',350,350*20,'2018/03/27');
INSERT INTO SalesKP VALUES(22,55,'2018/03/23',300,300*20,'2018/03/27');
INSERT INTO SalesKP VALUES(22,60,'2018/03/25',350,350*20,'2018/03/27');
INSERT INTO SalesKP VALUES(22,55,'2018/03/25',300,300*20,'2018/03/27');
INSERT INTO SalesKP VALUES(1,1,'2018/03/25',30,30*20,'2018/03/27');
INSERT INTO SalesKP VALUES(18,15,'2018/03/25',100,100*200,'2018/03/27');
INSERT INTO SalesKP VALUES(11,1,'2018/03/25',30,30*60,'2018/03/28');
INSERT INTO SalesKP VALUES(11,26,'2018/03/25',80,80*60,'2018/03/29');
INSERT INTO SalesKP VALUES(11,30,'2018/03/25',300,300*60,'2018/03/30');
INSERT INTO SalesKP VALUES(11,26,'2018/03/25',20,20*60,'2018/03/29');
INSERT INTO SalesKP VALUES(22,33,'2018/03/25',450,450*20,'2018/03/29');
INSERT INTO SalesKP VALUES(22,10,'2018/03/25',200,200*20,'2018/03/27');
INSERT INTO SalesKP VALUES(22,60,'2018/03/26',350,350*20,'2018/03/28');
INSERT INTO SalesKP VALUES(22,55,'2018/03/26',300,300*20,'2018/03/29');
INSERT INTO SalesKP VALUES(84,1,'2018/03/26',300,300*100,'2018/03/28');
INSERT INTO SalesKP VALUES(66,1,'2018/03/26',100,100*100,'2018/03/29');
INSERT INTO SalesKP VALUES(12,1,'2018/03/26',30,30*35,'2018/03/01');
INSERT INTO SalesKP VALUES(78,26,'2018/03/27',80,80*100,'2018/03/01');
INSERT INTO SalesKP VALUES(99,30,'2018/03/27',300,300*100,'2018/03/02');
INSERT INTO SalesKP VALUES(43,56,'2018/03/28',20,20*12000,'2018/03/02');
INSERT INTO SalesKP VALUES(41,56,'2018/03/28',30,30*25000,'2018/03/03');
INSERT INTO SalesKP VALUES(56,10,'2018/03/28',50,50*100,'2018/03/02');
INSERT INTO SalesKP VALUES(30,60,'2018/03/28',1000,1000*2000,'2018/03/28');
INSERT INTO SalesKP VALUES(67,23,'2018/03/28',900,900*10,'2018/04/02');
--2017/04
INSERT INTO SalesKP VALUES(17,11,'2017/04/03',30,30*150,'2017/04/06');
INSERT INTO SalesKP VALUES(18,15,'2017/04/03',100,300*200,'2017/04/07');
INSERT INTO SalesKP VALUES(17,17,'2017/04/03',30,30*60,'2017/04/07');
INSERT INTO SalesKP VALUES(17,26,'2017/04/03',80,80*60,'2017/04/07');
INSERT INTO SalesKP VALUES(17,30,'2017/04/03',300,300*60,'2017/04/07');
INSERT INTO SalesKP VALUES(17,26,'2017/04/03',150,150*60,'2017/04/07');
INSERT INTO SalesKP VALUES(22,33,'2017/04/03',450,450*150,'2017/04/07');
INSERT INTO SalesKP VALUES(22,10,'2017/04/03',200,200*150,'2017/04/07');
INSERT INTO SalesKP VALUES(22,60,'2017/04/03',350,350*150,'2017/04/08');
INSERT INTO SalesKP VALUES(22,55,'2017/04/03',300,300*150,'2017/04/09');
INSERT INTO SalesKP VALUES(17,11,'2017/04/03',30,30*150,'2017/04/06');
INSERT INTO SalesKP VALUES(18,15,'2017/04/03',1300,1300*200,'2017/04/07');
INSERT INTO SalesKP VALUES(17,17,'2017/04/03',30,30*60,'2017/04/07');
INSERT INTO SalesKP VALUES(17,26,'2017/04/03',80,80*60,'2017/04/07');
INSERT INTO SalesKP VALUES(17,30,'2017/04/04',300,300*60,'2017/04/07');
INSERT INTO SalesKP VALUES(17,26,'2017/04/04',150,150*60,'2017/04/07');
INSERT INTO SalesKP VALUES(22,33,'2017/04/04',450,300*150,'2017/04/07');
INSERT INTO SalesKP VALUES(22,10,'2017/04/04',200,200*150,'2017/04/07');
INSERT INTO SalesKP VALUES(22,60,'2017/04/04',350,350*150,'2017/04/07');
INSERT INTO SalesKP VALUES(22,55,'2017/04/04',300,300*150,'2017/04/07');
INSERT INTO SalesKP VALUES(17,11,'2017/04/04',30,30*150,'2017/04/06');
INSERT INTO SalesKP VALUES(18,15,'2017/04/04',30,30*60,'2017/04/07');
INSERT INTO SalesKP VALUES(17,26,'2017/04/04',80,80*60,'2017/04/07');
INSERT INTO SalesKP VALUES(17,30,'2017/04/04',300,300*60,'2017/04/07');
INSERT INTO SalesKP VALUES(17,26,'2017/04/04',150,150*60,'2017/04/07');
INSERT INTO SalesKP VALUES(22,33,'2017/04/04',450,450*150,'2017/04/07');
INSERT INTO SalesKP VALUES(22,10,'2017/04/04',200,200*150,'2017/04/07');
INSERT INTO SalesKP VALUES(22,60,'2017/04/05',350,350*150,'2017/04/07');
INSERT INTO SalesKP VALUES(22,55,'2017/04/05',300,300*150,'2017/04/07');
INSERT INTO SalesKP VALUES(22,60,'2017/04/05',350,350*150,'2017/04/07');
INSERT INTO SalesKP VALUES(22,55,'2017/04/05',300,300*150,'2017/04/07');
INSERT INTO SalesKP VALUES(17,11,'2017/04/05',30,30*150,'2017/04/07');
INSERT INTO SalesKP VALUES(18,15,'2017/04/05',100,300*200,'2017/04/07');
INSERT INTO SalesKP VALUES(17,17,'2017/04/06',30,30*60,'2017/04/18');
INSERT INTO SalesKP VALUES(17,26,'2017/04/06',80,80*60,'2017/04/19');
INSERT INTO SalesKP VALUES(17,30,'2017/04/06',300,300*60,'2017/04/20');
INSERT INTO SalesKP VALUES(17,26,'2017/04/06',150,150*60,'2017/04/21');
INSERT INTO SalesKP VALUES(22,33,'2017/04/06',450,450*150,'2017/04/26');
INSERT INTO SalesKP VALUES(22,10,'2017/04/06',200,200*150,'2017/04/27');
INSERT INTO SalesKP VALUES(22,60,'2017/04/06',350,350*150,'2017/04/28');
INSERT INTO SalesKP VALUES(22,55,'2017/04/06',300,300*150,'2017/04/29');
--2017/05
INSERT INTO SalesKP VALUES(34,10,'2017/05/01',30,30*1500,'2017/05/06');
INSERT INTO SalesKP VALUES(70,12,'2017/05/04',30,30*10000,'2017/05/07');
INSERT INTO SalesKP VALUES(75,32,'2017/05/15',30,30*1200,'2017/05/18');
INSERT INTO SalesKP VALUES(14,26,'2017/05/13',80,80*110,'2017/05/19');
INSERT INTO SalesKP VALUES(22,45,'2017/05/17',300,300*150,'2017/05/20');
INSERT INTO SalesKP VALUES(33,36,'2017/05/18',150,150*3000,'2017/05/21');
INSERT INTO SalesKP VALUES(41,33,'2017/05/23',30,30*25000,'2017/05/26');
INSERT INTO SalesKP VALUES(33,56,'2017/05/24',30,30*3000,'2017/05/27');
INSERT INTO SalesKP VALUES(100,60,'2017/05/25',30,30*600,'2017/05/28');
INSERT INTO SalesKP VALUES(42,01,'2017/05/29',30,30*1000,'2017/05/03');
--2017/06
INSERT INTO SalesKP VALUES(7,11,'2017/06/03',300,30*20,'2017/06/06');
INSERT INTO SalesKP VALUES(5,49,'2017/06/04',100,100*25,'2017/06/07');
INSERT INTO SalesKP VALUES(1,34,'2017/06/15',300,30*20,'2017/06/18');
INSERT INTO SalesKP VALUES(37,26,'2017/06/16',80,80*50000,'2017/06/19');
INSERT INTO SalesKP VALUES(36,44,'2017/06/17',150,300*500,'2017/06/20');
INSERT INTO SalesKP VALUES(19,36,'2017/06/18',150,150*300,'2017/06/21');
INSERT INTO SalesKP VALUES(41,33,'2017/06/23',30,30*25000,'2017/06/26');
INSERT INTO SalesKP VALUES(56,10,'2017/06/24',50,50*100,'2017/06/27');
INSERT INTO SalesKP VALUES(30,60,'2017/06/25',10,10*12,'2017/06/28');
INSERT INTO SalesKP VALUES(67,10,'2017/06/26',90,90*10,'2017/06/28');
--2017/07
INSERT INTO SalesKP VALUES(17,10,'2017/07/03',30,30*30,'2017/01/06');
INSERT INTO SalesKP VALUES(22,12,'2017/07/04',300,300*150,'2017/01/07');
INSERT INTO SalesKP VALUES(17,22,'2017/07/05',30,30*60,'2017/01/18');
INSERT INTO SalesKP VALUES(21,26,'2017/07/06',800,800*30,'2017/01/19');
INSERT INTO SalesKP VALUES(28,30,'2017/07/07',300,300*20,'2017/01/20');
INSERT INTO SalesKP VALUES(30,36,'2017/07/24',150,150*3000,'2017/01/21');
INSERT INTO SalesKP VALUES(41,33,'2017/07/24',30,30*25000,'2017/01/26');
INSERT INTO SalesKP VALUES(33,10,'2017/07/24',60,60*3000,'2017/01/27');
INSERT INTO SalesKP VALUES(30,60,'2017/07/25',30,30*200,'2017/01/28');
INSERT INTO SalesKP VALUES(16,10,'2017/07/28',300,300*60,'2017/01/29');
--2017/08
INSERT INTO SalesKP VALUES(54,10,'2017/08/03',30,30*27000,'2017/08/06');
INSERT INTO SalesKP VALUES(66,12,'2017/08/04',100,100*100,'2017/08/07');
INSERT INTO SalesKP VALUES(12,22,'2017/08/15',30,30*35,'2017/08/17');
INSERT INTO SalesKP VALUES(78,26,'2017/08/16',80,80*100,'2017/08/19');
INSERT INTO SalesKP VALUES(99,30,'2017/08/17',300,300*100,'2017/08/20');
INSERT INTO SalesKP VALUES(43,36,'2017/08/18',150,150*12000,'2017/08/21');
INSERT INTO SalesKP VALUES(41,33,'2017/08/23',300,300*25000,'2017/08/26');
INSERT INTO SalesKP VALUES(56,10,'2017/08/24',50,50*100,'2017/08/27');
INSERT INTO SalesKP VALUES(30,60,'2017/08/25',10,10*602000,'2017/08/28');
INSERT INTO SalesKP VALUES(67,10,'2017/08/26',90,90*10,'2017/08/28');
--2017/09
INSERT INTO SalesKP VALUES(56,10,'2017/09/03',30,30*100,'2017/09/06');
INSERT INTO SalesKP VALUES(10,12,'2017/09/04',100,300*30,'2017/09/07');
INSERT INTO SalesKP VALUES(110,22,'2017/09/15',30,30*60,'2017/09/18');
INSERT INTO SalesKP VALUES(26,26,'2017/09/16',80,80*100,'2017/09/19');
INSERT INTO SalesKP VALUES(28,30,'2017/09/17',300,300*20,'2017/09/20');
INSERT INTO SalesKP VALUES(68,36,'2017/09/18',150,150*30,'2017/09/21');
INSERT INTO SalesKP VALUES(48,33,'2017/09/23',30,30*75,'2017/09/26');
INSERT INTO SalesKP VALUES(67,10,'2017/09/24',30,30*10,'2017/09/27');
INSERT INTO SalesKP VALUES(110,60,'2017/09/25',30,30*60,'2017/09/28');
INSERT INTO SalesKP VALUES(77,10,'2017/09/29',30,30*500,'2017/10/06');
--2017/10
INSERT INTO SalesKP VALUES(9,56,'2017/10/03',300,300*25,'2017/10/06');
INSERT INTO SalesKP VALUES(6,12,'2017/10/04',100,100*500,'2017/10/07');
INSERT INTO SalesKP VALUES(45,46,'2017/10/15',30,30*35,'2017/10/18');
INSERT INTO SalesKP VALUES(39,26,'2017/10/16',80,80*70000,'2017/10/19');
INSERT INTO SalesKP VALUES(96,39,'2017/10/17',300,300*1000,'2017/10/23');
INSERT INTO SalesKP VALUES(93,36,'2017/10/18',150,150*3000,'2017/10/21');
INSERT INTO SalesKP VALUES(41,33,'2017/10/23',30,30*25000,'2017/10/26');
INSERT INTO SalesKP VALUES(76,30,'2017/10/24',50,50*300,'2017/10/27');
INSERT INTO SalesKP VALUES(83,60,'2017/10/25',10,10*2500,'2017/10/30');
INSERT INTO SalesKP VALUES(16,12,'2017/10/26',590,590*60,'2017/10/29');
--2017/11
INSERT INTO SalesKP VALUES(34,10,'2017/11/01',30,30*1500,'2017/11/06');
INSERT INTO SalesKP VALUES(70,12,'2017/11/04',30,30*10000,'2017/11/07');
INSERT INTO SalesKP VALUES(75,32,'2017/11/15',30,30*1200,'2017/11/18');
INSERT INTO SalesKP VALUES(14,26,'2017/11/13',80,80*110,'2017/11/19');
INSERT INTO SalesKP VALUES(22,45,'2017/11/17',300,300*150,'2017/11/20');
INSERT INTO SalesKP VALUES(33,36,'2017/11/18',150,150*3000,'2017/11/21');
INSERT INTO SalesKP VALUES(41,33,'2017/11/23',30,30*25000,'2017/11/26');
INSERT INTO SalesKP VALUES(33,56,'2017/11/24',30,30*3000,'2017/11/27');
INSERT INTO SalesKP VALUES(100,60,'2017/11/25',30,30*600,'2017/11/28');
INSERT INTO SalesKP VALUES(42,01,'2017/11/29',30,30*1000,'2017/11/03');
--2017/12
-----------------------------------------------------------------------
INSERT INTO SalesKP VALUES(93,11,'2017/12/03',300,30*3500,'2017/12/06');
INSERT INTO SalesKP VALUES(93,12,'2017/12/03',100,100*3500,'2017/12/07');
INSERT INTO SalesKP VALUES(93,33,'2017/12/03',300,30*3500,'2017/12/07');
INSERT INTO SalesKP VALUES(93,44,'2017/12/03',80,80*3500,'2017/12/07');
INSERT INTO SalesKP VALUES(93,55,'2017/12/03',150,300*3500,'2017/12/07');
INSERT INTO SalesKP VALUES(92,60,'2017/12/03',150,150*5000,'2017/12/07');
INSERT INTO SalesKP VALUES(92,22,'2017/12/03',30,30*5000,'2017/12/07');
INSERT INTO SalesKP VALUES(92,41,'2017/12/03',10,10*5000,'2017/12/07');
INSERT INTO SalesKP VALUES(92,51,'2017/12/03',90,90*5000,'2017/12/07');
INSERT INTO SalesKP VALUES(92,36,'2017/12/03',300,30*5000,'2017/12/07');
INSERT INTO SalesKP VALUES(92,47,'2017/12/03',100,100*5000,'2017/12/07');
INSERT INTO SalesKP VALUES(84,27,'2017/12/03',300,30*100,'2017/12/07');
INSERT INTO SalesKP VALUES(74,31,'2017/12/03',80,80*600,'2017/12/07');
INSERT INTO SalesKP VALUES(74,44,'2017/12/03',150,300*600,'2017/12/07');
INSERT INTO SalesKP VALUES(74,36,'2017/12/03',150,150*600,'2017/12/07');
INSERT INTO SalesKP VALUES(74,22,'2017/12/03',30,30*600,'2017/12/07');
INSERT INTO SalesKP VALUES(56,50,'2017/12/03',10,10*12,'2017/12/07');
INSERT INTO SalesKP VALUES(67,59,'2017/12/03',590,590*10,'2017/12/07');
INSERT INTO SalesKP VALUES(7,29,'2017/12/03',300,30*20,'2017/12/07');
INSERT INTO SalesKP VALUES(5,49,'2017/12/04',100,100*25,'2017/12/07');
INSERT INTO SalesKP VALUES(1,34,'2017/12/04',300,300*20,'2017/12/07');
INSERT INTO SalesKP VALUES(37,12,'2017/12/04',84,84*50000,'2017/12/07');
INSERT INTO SalesKP VALUES(36,13,'2017/12/04',150,300*500,'2017/12/07');
INSERT INTO SalesKP VALUES(19,14,'2017/12/04',150,150*300,'2017/12/07');
INSERT INTO SalesKP VALUES(41,15,'2017/12/04',30,30*25000,'2017/12/07');
INSERT INTO SalesKP VALUES(56,16,'2017/12/04',1000,1000*12,'2017/12/07');
INSERT INTO SalesKP VALUES(67,17,'2017/12/04',490,490*10,'2017/12/10');
INSERT INTO SalesKP VALUES(71,18,'2017/12/05',300,30*1000,'2017/12/06');
INSERT INTO SalesKP VALUES(71,18,'2017/12/05',100,100*1000,'2017/12/10');
INSERT INTO SalesKP VALUES(71,18,'2017/12/05',300,30*1000,'2017/12/10');
INSERT INTO SalesKP VALUES(71,19,'2017/12/05',80,80*1000,'2017/12/10');
INSERT INTO SalesKP VALUES(71,25,'2017/12/05',150,300*1000,'2017/12/10');
INSERT INTO SalesKP VALUES(71,25,'2017/12/05',150,150*1000,'2017/12/10');
INSERT INTO SalesKP VALUES(41,25,'2017/12/06',30,30*25000,'2017/12/10');
INSERT INTO SalesKP VALUES(43,25,'2017/12/06',10,10*12000,'2017/12/10');
INSERT INTO SalesKP VALUES(38,26,'2017/12/06',90,90*40000,'2017/12/10');
INSERT INTO SalesKP VALUES(42,27,'2017/12/06',300,30*10000,'2017/12/10');
INSERT INTO SalesKP VALUES(37,27,'2017/12/06',100,100*50000,'2017/12/10');
INSERT INTO SalesKP VALUES(40,29,'2017/12/06',300,300*3000,'2017/12/10');
INSERT INTO SalesKP VALUES(37,39,'2017/12/06',180,180*50000,'2017/12/10');
INSERT INTO SalesKP VALUES(36,39,'2017/12/06',150,300*500,'2017/12/10');
INSERT INTO SalesKP VALUES(52,39,'2017/12/06',150,150*65000,'2017/12/10');
INSERT INTO SalesKP VALUES(54,33,'2017/12/06',30,30*27000,'2017/12/10');
INSERT INTO SalesKP VALUES(55,60,'2017/12/06',10,10*25000,'2017/12/10');
INSERT INTO SalesKP VALUES(51,1,'2017/12/06',90,90*50000,'2017/12/10');
INSERT INTO SalesKP VALUES(52,2,'2017/12/06',150,150*65000,'2017/12/10');
INSERT INTO SalesKP VALUES(54,9,'2017/12/06',30,30*27000,'2017/12/10');
INSERT INTO SalesKP VALUES(55,9,'2017/12/06',10,10*25000,'2017/12/10');
INSERT INTO SalesKP VALUES(51,9,'2017/12/06',90,90*50000,'2017/12/10');
INSERT INTO SalesKP VALUES(52,6,'2017/12/06',150,150*65000,'2017/12/10');
INSERT INTO SalesKP VALUES(93,1,'2017/12/28',300,30*3500,'2018/01/03');
INSERT INTO SalesKP VALUES(93,4,'2017/12/28',100,100*3500,'2018/01/05');
INSERT INTO SalesKP VALUES(93,3,'2017/12/28',300,30*3500,'2018/01/05');
INSERT INTO SalesKP VALUES(93,6,'2017/12/28',80,80*3500,'2018/01/05');
INSERT INTO SalesKP VALUES(93,4,'2017/12/28',150,300*3500,'2018/01/05');
INSERT INTO SalesKP VALUES(92,3,'2017/12/28',150,150*5000,'2018/01/05');
INSERT INTO SalesKP VALUES(92,3,'2017/12/28',30,30*5000,'2018/01/05');
INSERT INTO SalesKP VALUES(92,1,'2017/12/28',10,10*5000,'2018/01/05');
INSERT INTO SalesKP VALUES(92,1,'2017/12/28',90,90*5000,'2018/01/05');
INSERT INTO SalesKP VALUES(92,11,'2017/12/28',300,30*5000,'2018/01/05');
INSERT INTO SalesKP VALUES(92,9,'2017/12/28',100,100*5000,'2018/01/05');
INSERT INTO SalesKP VALUES(84,4,'2017/12/28',300,30*100,'2018/01/05');
INSERT INTO SalesKP VALUES(74,6,'2017/12/28',80,80*600,'2018/01/05');
INSERT INTO SalesKP VALUES(74,4,'2017/12/28',150,300*600,'2018/01/05');
INSERT INTO SalesKP VALUES(74,3,'2017/12/28',150,150*600,'2018/01/05');
INSERT INTO SalesKP VALUES(74,3,'2017/12/28',30,30*600,'2018/01/05');
INSERT INTO SalesKP VALUES(56,1,'2017/12/28',10,10*12,'2018/01/05');
INSERT INTO SalesKP VALUES(67,1,'2017/12/28',90,90*10,'2018/01/05');
INSERT INTO SalesKP VALUES(7,1,'2017/12/28',300,30*20,'2018/01/05');
INSERT INTO SalesKP VALUES(5,4,'2017/12/29',100,100*25,'2018/01/05');
INSERT INTO SalesKP VALUES(1,3,'2017/12/29',300,30*20,'2018/01/05');
INSERT INTO SalesKP VALUES(37,2,'2017/12/29',8,8*50000,'2018/01/05');
INSERT INTO SalesKP VALUES(36,4,'2017/12/29',150,300*500,'2018/01/05');
INSERT INTO SalesKP VALUES(19,3,'2017/12/29',150,150*300,'2018/01/05');
INSERT INTO SalesKP VALUES(41,3,'2017/12/29',30,30*25000,'2018/01/05');
INSERT INTO SalesKP VALUES(56,1,'2017/12/29',1000,1000*12,'2018/01/05');
INSERT INTO SalesKP VALUES(67,1,'2017/12/29',90,90*10,'2018/01/05');
INSERT INTO SalesKP VALUES(37,2,'2017/12/29',8,8*50000,'2018/01/05');
INSERT INTO SalesKP VALUES(36,4,'2017/12/29',150,300*500,'2018/01/05');
INSERT INTO SalesKP VALUES(19,6,'2017/12/29',150,150*300,'2018/01/05');
INSERT INTO SalesKP VALUES(41,3,'2017/12/29',30,30*25000,'2018/01/05');
INSERT INTO SalesKP VALUES(56,1,'2017/12/29',10,10*12,'2018/01/05');
INSERT INTO SalesKP VALUES(67,1,'2017/12/29',90,90*10,'2018/01/05');
INSERT INTO SalesKP VALUES(37,2,'2017/12/29',80,80*50000,'2018/01/05');
INSERT INTO SalesKP VALUES(36,4,'2017/12/29',150,300*500,'2018/01/05');
INSERT INTO SalesKP VALUES(19,3,'2017/12/29',150,150*300,'2018/01/05');
INSERT INTO SalesKP VALUES(41,3,'2017/12/29',30,30*25000,'2018/01/05');
INSERT INTO SalesKP VALUES(56,1,'2017/12/29',10,10*12,'2018/01/05');
INSERT INTO SalesKP VALUES(67,1,'2017/12/29',90,90*10,'2018/01/05');
INSERT INTO SalesKP VALUES(71,1,'2017/12/30',300,30*1000,'2018/01/03');
INSERT INTO SalesKP VALUES(71,4,'2017/12/30',100,100*1000,'2018/01/05');
INSERT INTO SalesKP VALUES(71,3,'2017/12/30',300,30*1000,'2018/01/05');
INSERT INTO SalesKP VALUES(71,2,'2017/12/30',80,80*1000,'2018/01/05');
INSERT INTO SalesKP VALUES(71,4,'2017/12/30',150,300*1000,'2018/01/05');
INSERT INTO SalesKP VALUES(71,3,'2017/12/30',150,150*1000,'2018/01/05');
INSERT INTO SalesKP VALUES(71,1,'2017/12/30',300,30*1000,'2018/01/03');
INSERT INTO SalesKP VALUES(71,49,'2017/12/30',100,100*1000,'2018/01/05');
INSERT INTO SalesKP VALUES(71,34,'2017/12/30',300,30*1000,'2018/01/05');
INSERT INTO SalesKP VALUES(71,26,'2017/12/30',80,80*1000,'2018/01/05');
INSERT INTO SalesKP VALUES(71,44,'2017/12/30',150,300*1000,'2018/01/05');
INSERT INTO SalesKP VALUES(71,36,'2017/12/30',150,150*1000,'2018/01/05');
INSERT INTO SalesKP VALUES(71,11,'2017/12/30',300,30*1000,'2018/01/03');
INSERT INTO SalesKP VALUES(71,49,'2017/12/30',100,100*1000,'2018/01/05');
INSERT INTO SalesKP VALUES(71,34,'2017/12/30',300,30*1000,'2018/01/05');
INSERT INTO SalesKP VALUES(71,26,'2017/12/30',80,80*1000,'2018/01/05');
INSERT INTO SalesKP VALUES(71,44,'2017/12/30',150,300*1000,'2018/01/05');
INSERT INTO SalesKP VALUES(71,36,'2017/12/30',150,150*1000,'2018/01/05');
INSERT INTO SalesKP VALUES(54,33,'2017/12/31',30,30*27000,'2017/01/06');
INSERT INTO SalesKP VALUES(55,60,'2017/12/31',10,10*25000,'2017/01/06');
INSERT INTO SalesKP VALUES(51,10,'2017/12/31',90,90*50000,'2017/01/06');
INSERT INTO SalesKP VALUES(52,36,'2017/12/31',150,150*65000,'2017/01/06');
INSERT INTO SalesKP VALUES(54,33,'2017/12/31',30,30*27000,'2017/01/06');
INSERT INTO SalesKP VALUES(55,60,'2017/12/31',10,10*25000,'2017/01/06');
INSERT INTO SalesKP VALUES(51,10,'2017/12/31',90,90*50000,'2017/01/06');
INSERT INTO SalesKP VALUES(52,36,'2017/12/31',150,150*65000,'2017/01/06');
INSERT INTO SalesKP VALUES(54,33,'2017/12/31',30,30*27000,'2017/01/06');
INSERT INTO SalesKP VALUES(55,60,'2017/12/31',10,10*25000,'2017/01/06');
INSERT INTO SalesKP VALUES(51,10,'2017/12/31',9,9*50000,'2017/01/06');
INSERT INTO SalesKP VALUES(52,36,'2017/12/31',150,150*65000,'2017/01/06');
INSERT INTO SalesKP VALUES(54,33,'2017/12/31',30,30*27000,'2017/01/06');
INSERT INTO SalesKP VALUES(55,60,'2017/12/31',10,10*25000,'2017/01/06');
INSERT INTO SalesKP VALUES(51,10,'2017/12/31',9,9*50000,'2017/01/06');
----------------------------------------------------------------------
----------------------------------------------------------------------
--2018/01
INSERT INTO SalesKP VALUES(7,11,'2018/01/01',2300,300*20,'2018/01/06');
INSERT INTO SalesKP VALUES(8,15,'2018/01/01',1100,300*50,'2018/01/06');
INSERT INTO SalesKP VALUES(7,17,'2018/01/01',300,300*20,'2018/01/06');
INSERT INTO SalesKP VALUES(16,26,'2018/01/01',800,800*60,'2018/01/06');
INSERT INTO SalesKP VALUES(17,30,'2018/01/01',300,300*60,'2018/01/06');
INSERT INTO SalesKP VALUES(17,26,'2018/01/01',150,150*60,'2018/01/06');
INSERT INTO SalesKP VALUES(22,33,'2018/01/01',450,450*150,'2018/01/06');
INSERT INTO SalesKP VALUES(22,10,'2018/01/01',200,200*150,'2018/01/06');
INSERT INTO SalesKP VALUES(22,60,'2018/01/01',350,350*150,'2018/01/08');
INSERT INTO SalesKP VALUES(22,55,'2018/01/01',300,300*150,'2018/01/09');
INSERT INTO SalesKP VALUES(24,11,'2018/01/01',300,300*30,'2018/01/06');
INSERT INTO SalesKP VALUES(25,15,'2018/01/01',1300,1300*50,'2018/01/06');
INSERT INTO SalesKP VALUES(27,17,'2018/01/01',430,430*30,'2018/01/06');
INSERT INTO SalesKP VALUES(21,26,'2018/01/01',800,800*30,'2018/01/06');
INSERT INTO SalesKP VALUES(19,30,'2018/01/01',300,300*300,'2018/01/06');
INSERT INTO SalesKP VALUES(18,26,'2018/01/01',150,150*200,'2018/01/06');
INSERT INTO SalesKP VALUES(22,33,'2018/01/01',450,300*150,'2018/01/06');
INSERT INTO SalesKP VALUES(22,10,'2018/01/01',200,200*150,'2018/01/06');
INSERT INTO SalesKP VALUES(22,60,'2018/01/01',350,350*150,'2018/01/06');
INSERT INTO SalesKP VALUES(22,55,'2018/01/01',300,300*150,'2018/01/06');
INSERT INTO SalesKP VALUES(17,11,'2018/01/01',30,30*150,'2018/01/06');
INSERT INTO SalesKP VALUES(18,15,'2018/01/01',100,100*200,'2018/01/06');
INSERT INTO SalesKP VALUES(17,17,'2018/01/01',30,30*60,'2018/01/06');
INSERT INTO SalesKP VALUES(17,26,'2018/01/01',80,80*60,'2018/01/06');
INSERT INTO SalesKP VALUES(17,30,'2018/01/01',300,300*60,'2018/01/06');
INSERT INTO SalesKP VALUES(17,26,'2018/01/01',150,150*60,'2018/01/06');
INSERT INTO SalesKP VALUES(22,33,'2018/01/01',450,450*150,'2018/01/06');
INSERT INTO SalesKP VALUES(22,10,'2018/01/01',200,200*150,'2018/01/06');
INSERT INTO SalesKP VALUES(22,60,'2018/01/01',350,350*150,'2018/01/06');
INSERT INTO SalesKP VALUES(22,55,'2018/01/01',300,300*150,'2018/01/06');
INSERT INTO SalesKP VALUES(22,60,'2018/01/01',350,350*150,'2018/01/06');
INSERT INTO SalesKP VALUES(22,55,'2018/01/01',300,300*150,'2018/01/06');
INSERT INTO SalesKP VALUES(17,11,'2018/01/01',30,30*150,'2018/01/06');
INSERT INTO SalesKP VALUES(18,15,'2018/01/01',100,300*200,'2018/01/06');
INSERT INTO SalesKP VALUES(41,33,'2018/01/03',30,30*25000,'2018/01/05');
INSERT INTO SalesKP VALUES(43,10,'2018/01/03',10,10*12000,'2018/01/05');
INSERT INTO SalesKP VALUES(38,60,'2018/01/03',90,90*40000,'2018/01/05');
INSERT INTO SalesKP VALUES(42,43,'2018/01/03',300,30*10000,'2018/01/05');
INSERT INTO SalesKP VALUES(37,49,'2018/01/03',100,100*50000,'2018/01/05');
INSERT INTO SalesKP VALUES(40,34,'2018/01/03',300,300*3000,'2018/01/05');
INSERT INTO SalesKP VALUES(37,26,'2018/01/03',8,80*50000,'2018/01/05');
INSERT INTO SalesKP VALUES(36,44,'2018/01/03',150,300*500,'2018/01/05');
INSERT INTO SalesKP VALUES(52,36,'2018/01/03',150,150*65000,'2018/01/05');
INSERT INTO SalesKP VALUES(54,33,'2018/01/03',30,30*27000,'2018/01/05');
INSERT INTO SalesKP VALUES(55,60,'2018/01/03',10,10*25000,'2018/01/05');
INSERT INTO SalesKP VALUES(51,10,'2018/01/03',90,90*50000,'2018/01/05');
INSERT INTO SalesKP VALUES(52,36,'2018/01/03',150,150*65000,'2018/01/05');
INSERT INTO SalesKP VALUES(54,33,'2018/01/03',30,30*27000,'2018/01/05');
INSERT INTO SalesKP VALUES(55,60,'2018/01/03',10,10*25000,'2018/01/05');
INSERT INTO SalesKP VALUES(51,10,'2018/01/03',90,90*50000,'2018/01/05');
INSERT INTO SalesKP VALUES(52,36,'2018/01/03',150,150*65000,'2018/01/05');
INSERT INTO SalesKP VALUES(54,33,'2018/01/03',30,30*27000,'2018/01/06');
INSERT INTO SalesKP VALUES(55,60,'2018/01/03',10,10*25000,'2018/01/06');
INSERT INTO SalesKP VALUES(51,10,'2018/01/03',90,90*50000,'2018/01/06');
INSERT INTO SalesKP VALUES(52,36,'2018/01/03',150,150*65000,'2018/01/06');
INSERT INTO SalesKP VALUES(54,33,'2018/01/03',30,30*27000,'2018/01/06');
INSERT INTO SalesKP VALUES(55,60,'2018/01/03',10,10*25000,'2018/01/06');
INSERT INTO SalesKP VALUES(51,10,'2018/01/03',90,90*50000,'2018/01/06');
INSERT INTO SalesKP VALUES(52,36,'2018/01/03',150,150*65000,'2018/01/06');
INSERT INTO SalesKP VALUES(54,33,'2018/01/03',30,30*27000,'2018/01/06');
INSERT INTO SalesKP VALUES(55,60,'2018/01/03',10,10*25000,'2018/01/06');
INSERT INTO SalesKP VALUES(51,10,'2018/01/03',90,90*50000,'2018/01/06');
INSERT INTO SalesKP VALUES(52,36,'2018/01/03',150,150*65000,'2018/01/06');
INSERT INTO SalesKP VALUES(54,33,'2018/01/03',30,30*27000,'2018/01/06');
INSERT INTO SalesKP VALUES(55,60,'2018/01/03',10,10*25000,'2018/01/06');
INSERT INTO SalesKP VALUES(51,10,'2018/01/03',90,90*50000,'2018/01/06');
INSERT INTO SalesKP VALUES(17,17,'2018/01/06',30,30*60,'2018/01/08');
INSERT INTO SalesKP VALUES(17,26,'2018/01/06',80,80*60,'2018/01/09');
INSERT INTO SalesKP VALUES(17,30,'2018/01/06',300,300*60,'2018/01/2');
INSERT INTO SalesKP VALUES(17,26,'2018/01/06',150,150*60,'2018/01/08');
INSERT INTO SalesKP VALUES(22,33,'2018/01/06',450,450*150,'2018/01/06');
INSERT INTO SalesKP VALUES(22,10,'2018/01/06',200,200*150,'2018/01/06');
INSERT INTO SalesKP VALUES(22,60,'2018/01/06',350,350*150,'2018/01/08');
INSERT INTO SalesKP VALUES(22,55,'2018/01/06',300,300*150,'2018/01/09');
INSERT INTO SalesKP VALUES(41,33,'2018/01/15',30,30*25000,'2018/01/20');
INSERT INTO SalesKP VALUES(43,10,'2018/01/15',10,10*12000,'2018/01/20');
INSERT INTO SalesKP VALUES(38,60,'2018/01/15',90,90*40000,'2018/01/20');
INSERT INTO SalesKP VALUES(42,43,'2018/01/15',300,30*10000,'2018/01/20');
INSERT INTO SalesKP VALUES(37,49,'2018/01/15',100,100*50000,'2018/01/20');
INSERT INTO SalesKP VALUES(40,34,'2018/01/15',300,300*3000,'2018/01/20');
INSERT INTO SalesKP VALUES(37,26,'2018/01/15',8,80*50000,'2018/01/20');
INSERT INTO SalesKP VALUES(36,44,'2018/01/15',150,300*500,'2018/01/20');
INSERT INTO SalesKP VALUES(52,36,'2018/01/15',150,150*65000,'2018/01/20');
INSERT INTO SalesKP VALUES(54,33,'2018/01/15',30,30*27000,'2018/01/20');
INSERT INTO SalesKP VALUES(55,60,'2018/01/15',10,10*25000,'2018/01/20');
INSERT INTO SalesKP VALUES(51,10,'2018/01/15',90,90*50000,'2018/01/20');
INSERT INTO SalesKP VALUES(52,36,'2018/01/15',150,150*65000,'2018/01/20');
INSERT INTO SalesKP VALUES(54,33,'2018/01/15',30,30*27000,'2018/01/20');
INSERT INTO SalesKP VALUES(55,60,'2018/01/15',10,10*25000,'2018/01/20');
INSERT INTO SalesKP VALUES(51,10,'2018/01/15',90,90*50000,'2018/01/20');
INSERT INTO SalesKP VALUES(52,36,'2018/01/15',150,150*65000,'2018/01/20');
INSERT INTO SalesKP VALUES(54,33,'2018/01/15',30,30*27000,'2018/01/20');
INSERT INTO SalesKP VALUES(55,60,'2018/01/15',10,10*25000,'2018/01/20');
INSERT INTO SalesKP VALUES(51,10,'2018/01/15',90,90*50000,'2018/01/20');
INSERT INTO SalesKP VALUES(52,36,'2018/01/15',150,150*65000,'2018/01/20');
INSERT INTO SalesKP VALUES(54,33,'2018/01/15',30,30*27000,'2018/01/20');
INSERT INTO SalesKP VALUES(55,60,'2018/01/15',10,10*25000,'2018/01/20');
INSERT INTO SalesKP VALUES(51,10,'2018/01/15',90,90*50000,'2018/01/20');
INSERT INTO SalesKP VALUES(52,36,'2018/01/15',150,150*65000,'2018/01/20');
INSERT INTO SalesKP VALUES(54,33,'2018/01/15',30,30*27000,'2018/01/20');
INSERT INTO SalesKP VALUES(55,60,'2018/01/15',10,10*25000,'2018/01/20');
INSERT INTO SalesKP VALUES(51,10,'2018/01/15',90,90*50000,'2018/01/20');
INSERT INTO SalesKP VALUES(52,36,'2018/01/15',150,150*65000,'2018/01/20');
INSERT INTO SalesKP VALUES(54,33,'2018/01/15',30,30*27000,'2018/01/20');
INSERT INTO SalesKP VALUES(55,60,'2018/01/15',10,10*25000,'2018/01/20');
INSERT INTO SalesKP VALUES(51,10,'2018/01/15',90,90*50000,'2018/01/20');
INSERT INTO SalesKP VALUES(41,33,'2018/01/16',30,30*25000,'2018/01/20');
INSERT INTO SalesKP VALUES(43,10,'2018/01/16',10,10*12000,'2018/01/20');
INSERT INTO SalesKP VALUES(38,60,'2018/01/16',90,90*40000,'2018/01/20');
INSERT INTO SalesKP VALUES(42,43,'2018/01/16',300,30*10000,'2018/01/20');
INSERT INTO SalesKP VALUES(37,49,'2018/01/16',100,100*50000,'2018/01/20');
INSERT INTO SalesKP VALUES(40,34,'2018/01/16',300,300*3000,'2018/01/20');
INSERT INTO SalesKP VALUES(37,26,'2018/01/16',80,80*50000,'2018/01/20');
INSERT INTO SalesKP VALUES(36,44,'2018/01/16',150,300*500,'2018/01/20');
INSERT INTO SalesKP VALUES(52,36,'2018/01/16',150,150*65000,'2018/01/20');
INSERT INTO SalesKP VALUES(54,33,'2018/01/16',30,30*27000,'2018/01/20');
INSERT INTO SalesKP VALUES(55,60,'2018/01/16',10,10*25000,'2018/01/20');
INSERT INTO SalesKP VALUES(51,10,'2018/01/16',90,90*50000,'2018/01/20');
INSERT INTO SalesKP VALUES(52,36,'2018/01/16',150,150*65000,'2018/01/20');
INSERT INTO SalesKP VALUES(54,33,'2018/01/16',30,30*27000,'2018/01/20');
INSERT INTO SalesKP VALUES(55,60,'2018/01/16',10,10*25000,'2018/01/20');
INSERT INTO SalesKP VALUES(51,10,'2018/01/16',90,90*50000,'2018/01/20');
INSERT INTO SalesKP VALUES(52,36,'2018/01/16',150,150*65000,'2018/01/20');
INSERT INTO SalesKP VALUES(54,33,'2018/01/16',30,30*27000,'2018/01/20');
INSERT INTO SalesKP VALUES(55,60,'2018/01/16',10,10*25000,'2018/01/20');
INSERT INTO SalesKP VALUES(51,10,'2018/01/16',90,90*50000,'2018/01/20');
INSERT INTO SalesKP VALUES(52,36,'2018/01/16',150,150*65000,'2018/01/20');
INSERT INTO SalesKP VALUES(54,33,'2018/01/16',30,30*27000,'2018/01/20');
INSERT INTO SalesKP VALUES(55,60,'2018/01/16',10,10*25000,'2018/01/20');
INSERT INTO SalesKP VALUES(51,10,'2018/01/16',90,90*50000,'2018/01/20');
INSERT INTO SalesKP VALUES(52,36,'2018/01/16',150,150*65000,'2018/01/20');
INSERT INTO SalesKP VALUES(54,33,'2018/01/16',30,30*27000,'2018/01/20');
INSERT INTO SalesKP VALUES(55,60,'2018/01/16',10,10*25000,'2018/01/20');
INSERT INTO SalesKP VALUES(51,10,'2018/01/16',90,90*50000,'2018/01/20');
INSERT INTO SalesKP VALUES(52,36,'2018/01/16',150,150*65000,'2018/01/20');
INSERT INTO SalesKP VALUES(54,33,'2018/01/16',30,30*27000,'2018/01/20');
INSERT INTO SalesKP VALUES(55,60,'2018/01/16',10,10*25000,'2018/01/20');
INSERT INTO SalesKP VALUES(51,10,'2018/01/16',90,90*50000,'2018/01/20');
INSERT INTO SalesKP VALUES(41,33,'2018/01/28',30,30*25000,'2018/02/04');
INSERT INTO SalesKP VALUES(43,10,'2018/01/28',10,10*12000,'2018/02/04');
INSERT INTO SalesKP VALUES(38,60,'2018/01/28',90,90*40000,'2018/02/04');
INSERT INTO SalesKP VALUES(42,43,'2018/01/28',300,30*10000,'2018/02/04');
INSERT INTO SalesKP VALUES(37,49,'2018/01/28',100,100*50000,'2018/02/04');
INSERT INTO SalesKP VALUES(40,34,'2018/01/28',300,300*3000,'2018/02/04');
INSERT INTO SalesKP VALUES(37,26,'2018/01/28',80,80*50000,'2018/02/04');
INSERT INTO SalesKP VALUES(36,44,'2018/01/28',150,300*500,'2018/02/04');
INSERT INTO SalesKP VALUES(52,36,'2018/01/28',150,150*65000,'2018/02/04');
INSERT INTO SalesKP VALUES(54,33,'2018/01/28',30,30*27000,'2018/02/04');
INSERT INTO SalesKP VALUES(55,60,'2018/01/28',10,10*25000,'2018/02/04');
INSERT INTO SalesKP VALUES(51,10,'2018/01/28',90,90*50000,'2018/02/04');
INSERT INTO SalesKP VALUES(52,36,'2018/01/28',150,150*65000,'2018/02/04');
INSERT INTO SalesKP VALUES(54,33,'2018/01/28',30,30*27000,'2018/02/04');
INSERT INTO SalesKP VALUES(55,60,'2018/01/28',10,10*25000,'2018/02/04');
INSERT INTO SalesKP VALUES(51,10,'2018/01/28',90,90*50000,'2018/02/04');
INSERT INTO SalesKP VALUES(52,36,'2018/01/28',150,150*65000,'2018/02/04');
INSERT INTO SalesKP VALUES(54,33,'2018/01/28',30,30*27000,'2018/02/04');
INSERT INTO SalesKP VALUES(55,60,'2018/01/28',10,10*25000,'2018/02/04');
INSERT INTO SalesKP VALUES(51,10,'2018/01/28',90,90*50000,'2018/02/04');
INSERT INTO SalesKP VALUES(52,36,'2018/01/28',150,150*65000,'2018/02/04');
INSERT INTO SalesKP VALUES(54,33,'2018/01/28',30,30*27000,'2018/02/04');
INSERT INTO SalesKP VALUES(55,60,'2018/01/28',10,10*25000,'2018/02/04');
INSERT INTO SalesKP VALUES(51,10,'2018/01/28',90,90*50000,'2018/02/04');
INSERT INTO SalesKP VALUES(52,36,'2018/01/28',150,150*65000,'2018/02/04');
INSERT INTO SalesKP VALUES(54,33,'2018/01/28',30,30*27000,'2018/02/04');
INSERT INTO SalesKP VALUES(55,60,'2018/01/28',10,10*25000,'2018/02/04');
INSERT INTO SalesKP VALUES(51,10,'2018/01/28',90,90*50000,'2018/02/04');
INSERT INTO SalesKP VALUES(52,36,'2018/01/28',150,150*65000,'2018/02/04');
INSERT INTO SalesKP VALUES(54,33,'2018/01/28',30,30*27000,'2018/02/04');
INSERT INTO SalesKP VALUES(55,60,'2018/01/28',10,10*25000,'2018/02/04');
INSERT INTO SalesKP VALUES(51,10,'2018/01/28',90,90*50000,'2018/02/04');
--2018/02
INSERT INTO SalesKP VALUES(17,11,'2018/02/01',30,30*150,'2018/02/04');
INSERT INTO SalesKP VALUES(18,15,'2018/02/01',100,300*200,'2018/02/07');
INSERT INTO SalesKP VALUES(17,17,'2018/02/01',30,30*60,'2018/02/07');
INSERT INTO SalesKP VALUES(17,26,'2018/02/01',80,80*60,'2018/02/07');
INSERT INTO SalesKP VALUES(17,30,'2018/02/01',300,300*60,'2018/02/07');
INSERT INTO SalesKP VALUES(17,26,'2018/02/01',150,150*60,'2018/02/07');
INSERT INTO SalesKP VALUES(22,33,'2018/02/01',450,450*150,'2018/02/07');
INSERT INTO SalesKP VALUES(22,10,'2018/02/01',200,200*150,'2018/02/07');
INSERT INTO SalesKP VALUES(22,60,'2018/02/01',350,350*150,'2018/02/08');
INSERT INTO SalesKP VALUES(22,55,'2018/02/01',300,300*150,'2018/02/09');
INSERT INTO SalesKP VALUES(17,11,'2018/02/01',30,30*150,'2018/02/01');
INSERT INTO SalesKP VALUES(18,15,'2018/02/01',100,100*200,'2018/02/07');
INSERT INTO SalesKP VALUES(17,17,'2018/02/01',30,30*60,'2018/02/07');
INSERT INTO SalesKP VALUES(17,26,'2018/02/01',80,80*60,'2018/02/07');
INSERT INTO SalesKP VALUES(17,30,'2018/02/01',300,300*60,'2018/02/07');
INSERT INTO SalesKP VALUES(17,26,'2018/02/01',150,150*60,'2018/02/07');
INSERT INTO SalesKP VALUES(22,33,'2018/02/01',450,450*150,'2018/02/07');
INSERT INTO SalesKP VALUES(22,60,'2018/02/01',350,350*150,'2018/02/07');
INSERT INTO SalesKP VALUES(22,55,'2018/02/01',300,300*150,'2018/02/07');
INSERT INTO SalesKP VALUES(17,11,'2018/02/01',430,430*150,'2018/02/01');
INSERT INTO SalesKP VALUES(18,15,'2018/02/01',300,300*200,'2018/02/07');
INSERT INTO SalesKP VALUES(17,17,'2018/02/01',30,30*60,'2018/02/07');
INSERT INTO SalesKP VALUES(17,26,'2018/02/01',80,80*60,'2018/02/07');
INSERT INTO SalesKP VALUES(17,30,'2018/02/01',300,300*60,'2018/02/07');
INSERT INTO SalesKP VALUES(17,26,'2018/02/01',150,150*60,'2018/02/07');
INSERT INTO SalesKP VALUES(22,33,'2018/02/01',450,450*150,'2018/02/07');
INSERT INTO SalesKP VALUES(22,10,'2018/02/01',200,200*150,'2018/02/07');
INSERT INTO SalesKP VALUES(22,60,'2018/02/01',350,350*150,'2018/02/07');
INSERT INTO SalesKP VALUES(22,55,'2018/02/01',300,300*150,'2018/02/07');
INSERT INTO SalesKP VALUES(22,60,'2018/02/01',350,350*150,'2018/02/07');
INSERT INTO SalesKP VALUES(22,55,'2018/02/01',300,300*150,'2018/02/07');
INSERT INTO SalesKP VALUES(17,11,'2018/02/01',30,30*150,'2018/02/07');
INSERT INTO SalesKP VALUES(18,15,'2018/02/01',100,100*200,'2018/02/07');
INSERT INTO SalesKP VALUES(17,17,'2018/02/01',30,30*60,'2018/02/18');
INSERT INTO SalesKP VALUES(17,26,'2018/02/01',80,80*60,'2018/02/19');
INSERT INTO SalesKP VALUES(17,30,'2018/02/01',300,300*60,'2018/02/20');
INSERT INTO SalesKP VALUES(17,26,'2018/02/01',150,150*60,'2018/02/21');
INSERT INTO SalesKP VALUES(22,33,'2018/02/01',450,450*150,'2018/02/01');
INSERT INTO SalesKP VALUES(22,10,'2018/02/01',200,200*150,'2018/02/27');
INSERT INTO SalesKP VALUES(22,60,'2018/02/01',350,350*150,'2018/02/28');
INSERT INTO SalesKP VALUES(22,55,'2018/02/01',300,300*150,'2018/02/20');
INSERT INTO SalesKP VALUES(84,11,'2018/02/01',300,300*100,'2018/02/01');
INSERT INTO SalesKP VALUES(66,11,'2018/02/01',100,100*100,'2018/02/07');
INSERT INTO SalesKP VALUES(1,1,'2018/02/03',30,30*20,'2018/02/04');
INSERT INTO SalesKP VALUES(18,15,'2018/02/03',100,300*200,'2018/02/07');
INSERT INTO SalesKP VALUES(1,1,'2018/02/03',30,30*20,'2018/02/07');
INSERT INTO SalesKP VALUES(1,26,'2018/02/03',80,80*20,'2018/02/07');
INSERT INTO SalesKP VALUES(1,30,'2018/02/03',300,300*20,'2018/02/07');
INSERT INTO SalesKP VALUES(1,26,'2018/02/03',20,20*20,'2018/02/07');
INSERT INTO SalesKP VALUES(22,33,'2018/02/03',450,450*20,'2018/02/07');
INSERT INTO SalesKP VALUES(22,10,'2018/02/03',200,200*20,'2018/02/07');
INSERT INTO SalesKP VALUES(22,60,'2018/02/03',350,350*20,'2018/02/08');
INSERT INTO SalesKP VALUES(22,55,'2018/02/03',300,300*20,'2018/02/09');
INSERT INTO SalesKP VALUES(1,1,'2018/02/03',30,30*20,'2018/02/03');
INSERT INTO SalesKP VALUES(18,15,'2018/02/03',100,100*200,'2018/02/07');
INSERT INTO SalesKP VALUES(1,1,'2018/02/03',30,30*20,'2018/02/07');
INSERT INTO SalesKP VALUES(1,26,'2018/02/03',80,80*20,'2018/02/07');
INSERT INTO SalesKP VALUES(1,30,'2018/02/03',300,300*20,'2018/02/07');
INSERT INTO SalesKP VALUES(1,26,'2018/02/03',20,20*20,'2018/02/07');
INSERT INTO SalesKP VALUES(22,33,'2018/02/03',450,450*20,'2018/02/07');
INSERT INTO SalesKP VALUES(22,60,'2018/02/03',350,350*20,'2018/02/07');
INSERT INTO SalesKP VALUES(22,55,'2018/02/03',300,300*20,'2018/02/07');
INSERT INTO SalesKP VALUES(1,1,'2018/02/03',430,430*20,'2018/02/03');
INSERT INTO SalesKP VALUES(18,15,'2018/02/03',300,300*200,'2018/02/07');
INSERT INTO SalesKP VALUES(1,1,'2018/02/03',30,30*20,'2018/02/07');
INSERT INTO SalesKP VALUES(1,26,'2018/02/03',80,80*20,'2018/02/07');
INSERT INTO SalesKP VALUES(1,30,'2018/02/03',300,300*20,'2018/02/07');
INSERT INTO SalesKP VALUES(1,26,'2018/02/03',20,20*20,'2018/02/07');
INSERT INTO SalesKP VALUES(22,33,'2018/02/03',450,450*20,'2018/02/07');
INSERT INTO SalesKP VALUES(22,10,'2018/02/03',200,200*20,'2018/02/07');
INSERT INTO SalesKP VALUES(22,60,'2018/02/03',350,350*20,'2018/02/07');
INSERT INTO SalesKP VALUES(22,55,'2018/02/03',300,300*20,'2018/02/07');
INSERT INTO SalesKP VALUES(22,60,'2018/02/03',350,350*20,'2018/02/07');
INSERT INTO SalesKP VALUES(22,55,'2018/02/03',300,300*20,'2018/02/07');
INSERT INTO SalesKP VALUES(1,1,'2018/02/03',30,30*20,'2018/02/07');
INSERT INTO SalesKP VALUES(18,15,'2018/02/03',100,100*200,'2018/02/07');
INSERT INTO SalesKP VALUES(11,1,'2018/02/03',30,30*60,'2018/02/18');
INSERT INTO SalesKP VALUES(11,26,'2018/02/03',80,80*60,'2018/02/19');
INSERT INTO SalesKP VALUES(11,30,'2018/02/03',300,300*60,'2018/02/20');
INSERT INTO SalesKP VALUES(11,26,'2018/02/03',20,20*60,'2018/02/05');
INSERT INTO SalesKP VALUES(22,33,'2018/02/03',450,450*20,'2018/02/07');
INSERT INTO SalesKP VALUES(22,10,'2018/02/03',200,200*20,'2018/02/07');
INSERT INTO SalesKP VALUES(22,60,'2018/02/03',350,350*20,'2018/02/08');
INSERT INTO SalesKP VALUES(22,55,'2018/02/03',300,300*20,'2018/02/09');
INSERT INTO SalesKP VALUES(84,1,'2018/02/03',300,300*100,'2018/02/09');
INSERT INTO SalesKP VALUES(66,1,'2018/02/03',100,100*100,'2018/02/07');
INSERT INTO SalesKP VALUES(12,1,'2018/02/15',30,30*35,'2018/02/18');
INSERT INTO SalesKP VALUES(78,26,'2018/02/16',80,80*100,'2018/02/19');
INSERT INTO SalesKP VALUES(99,30,'2018/02/17',300,300*100,'2018/02/20');
INSERT INTO SalesKP VALUES(43,56,'2018/02/18',20,20*12000,'2018/02/21');
INSERT INTO SalesKP VALUES(41,56,'2018/02/23',30,30*25000,'2018/02/28');
INSERT INTO SalesKP VALUES(56,10,'2018/02/24',50,50*100,'2018/02/27');
INSERT INTO SalesKP VALUES(30,60,'2018/02/25',1000,1000*2000,'2018/02/28');
INSERT INTO SalesKP VALUES(67,23,'2018/02/26',900,900*10,'2018/02/28');
INSERT INTO SalesKP VALUES(12,1,'2018/02/28',30,30*35,'2018/03/05');
INSERT INTO SalesKP VALUES(78,26,'2018/02/28',80,80*100,'2018/03/05');
INSERT INTO SalesKP VALUES(99,30,'2018/02/28',300,300*100,'2018/03/05');
INSERT INTO SalesKP VALUES(43,56,'2018/02/28',20,20*12000,'2018/03/05');
INSERT INTO SalesKP VALUES(41,56,'2018/02/28',30,30*25000,'2018/03/05');
INSERT INTO SalesKP VALUES(56,10,'2018/02/28',50,50*100,'2018/03/05');
INSERT INTO SalesKP VALUES(30,60,'2018/02/28',1000,1000*2000,'2018/03/05');
INSERT INTO SalesKP VALUES(67,23,'2018/02/28',900,900*10,'2018/03/05');
--2018/03
INSERT INTO SalesKP VALUES(1,10,'2018/03/01',309,30*20,'2018/03/05');
INSERT INTO SalesKP VALUES(1,11,'2018/03/01',300,30*20,'2018/03/05');
INSERT INTO SalesKP VALUES(1,12,'2018/03/01',310,30*20,'2018/03/05');
INSERT INTO SalesKP VALUES(1,21,'2018/03/02',340,30*20,'2018/03/05');
INSERT INTO SalesKP VALUES(1,13,'2018/03/02',345,30*20,'2018/03/05');
INSERT INTO SalesKP VALUES(1,31,'2018/03/02',344,30*20,'2018/03/05');
INSERT INTO SalesKP VALUES(18,15,'2018/03/02',100,300*200,'2018/03/05');
INSERT INTO SalesKP VALUES(1,1,'2018/03/03',30,30*20,'2018/03/05');
INSERT INTO SalesKP VALUES(1,26,'2018/03/03',80,80*20,'2018/03/05');
INSERT INTO SalesKP VALUES(1,30,'2018/03/03',300,300*20,'2018/03/05');
INSERT INTO SalesKP VALUES(1,26,'2018/03/04',20,20*20,'2018/03/05');
INSERT INTO SalesKP VALUES(22,33,'2018/03/04',450,450*20,'2018/03/05');
INSERT INTO SalesKP VALUES(22,10,'2018/03/04',200,200*20,'2018/03/05');
INSERT INTO SalesKP VALUES(22,60,'2018/03/04',350,350*20,'2018/03/05');
INSERT INTO SalesKP VALUES(22,55,'2018/03/05',300,300*20,'2018/03/09');
INSERT INTO SalesKP VALUES(1,1,'2018/03/05',30,30*20,'2018/03/07');
INSERT INTO SalesKP VALUES(18,15,'2018/03/05',100,100*200,'2018/03/09');
INSERT INTO SalesKP VALUES(1,1,'2018/03/05',30,30*20,'2018/03/09');
INSERT INTO SalesKP VALUES(1,26,'2018/03/05',80,80*20,'2018/03/10');
INSERT INTO SalesKP VALUES(1,30,'2018/03/05',300,300*20,'2018/03/10');
INSERT INTO SalesKP VALUES(1,26,'2018/03/05',20,20*20,'2018/03/10');
INSERT INTO SalesKP VALUES(22,33,'2018/03/05',450,450*20,'2018/03/10');
INSERT INTO SalesKP VALUES(22,60,'2018/03/05',350,350*20,'2018/03/10');
INSERT INTO SalesKP VALUES(22,33,'2018/03/05',450,450*20,'2018/03/11');
INSERT INTO SalesKP VALUES(22,10,'2018/03/05',200,200*20,'2018/03/11');
INSERT INTO SalesKP VALUES(22,60,'2018/03/05',350,350*20,'2018/03/11');
INSERT INTO SalesKP VALUES(22,55,'2018/03/05',300,300*20,'2018/03/11');
INSERT INTO SalesKP VALUES(84,1,'2018/03/05',300,300*100,'2018/03/12');
-----------------------------------------------------------------------------
--2018/04
INSERT INTO SalesKP VALUES(1,10,'2018/04/01',300,300*20,'2018/04/08');
INSERT INTO SalesKP VALUES(1,11,'2018/04/01',300,300*20,'2018/04/08');
INSERT INTO SalesKP VALUES(1,12,'2018/04/01',1110,1110*20,'2018/04/08');
INSERT INTO SalesKP VALUES(1,21,'2018/04/01',110,30*20,'2018/04/08');
INSERT INTO SalesKP VALUES(1,11,'2018/04/01',330,330*20,'2018/04/08');
INSERT INTO SalesKP VALUES(1,31,'2018/04/01',380,380*20,'2018/04/08');
INSERT INTO SalesKP VALUES(18,15,'2018/04/01',100,300*200,'2018/04/07');
INSERT INTO SalesKP VALUES(1,1,'2018/04/04',30,30*20,'2018/04/07');
INSERT INTO SalesKP VALUES(1,11,'2018/04/04',850,850*20,'2018/04/07');
INSERT INTO SalesKP VALUES(1,30,'2018/04/04',300,300*20,'2018/04/07');
INSERT INTO SalesKP VALUES(1,11,'2018/04/04',520,520*20,'2018/04/07');
INSERT INTO SalesKP VALUES(22,33,'2018/04/04',450,450*20,'2018/04/07');
INSERT INTO SalesKP VALUES(22,10,'2018/04/04',200,200*20,'2018/04/07');
INSERT INTO SalesKP VALUES(22,60,'2018/04/04',350,350*20,'2018/04/08');
INSERT INTO SalesKP VALUES(56,10,'2018/04/04',30,30*100,'2018/04/06');
INSERT INTO SalesKP VALUES(10,12,'2018/04/04',100,300*30,'2018/04/07');
INSERT INTO SalesKP VALUES(110,22,'2018/04/04',30,30*60,'2018/04/09');
INSERT INTO SalesKP VALUES(11,11,'2018/04/04',80,80*100,'2018/04/09');
INSERT INTO SalesKP VALUES(11,30,'2018/04/04',300,300*20,'2018/04/09');
INSERT INTO SalesKP VALUES(68,36,'2018/04/04',150,150*30,'2018/04/09');
INSERT INTO SalesKP VALUES(48,33,'2018/04/04',30,30*75,'2018/04/11');
INSERT INTO SalesKP VALUES(22,55,'2018/04/05',300,300*20,'2018/04/09');
INSERT INTO SalesKP VALUES(1,1,'2018/04/05',30,30*20,'2018/04/04');
INSERT INTO SalesKP VALUES(18,15,'2018/04/05',100,100*200,'2018/04/07');
INSERT INTO SalesKP VALUES(1,1,'2018/04/05',30,30*20,'2018/04/07');
INSERT INTO SalesKP VALUES(67,10,'2018/04/05',30,30*10,'2018/04/07');
INSERT INTO SalesKP VALUES(110,60,'2018/04/05',30,30*60,'2018/04/08');
INSERT INTO SalesKP VALUES(77,10,'2018/04/05',30,30*500,'2018/04/09');
INSERT INTO SalesKP VALUES(56,10,'2018/04/05',30,30*100,'2018/04/07');
INSERT INTO SalesKP VALUES(10,12,'2018/04/05',300,300*30,'2018/04/07');
INSERT INTO SalesKP VALUES(110,22,'2018/04/05',40,40*60,'2018/04/08');
INSERT INTO SalesKP VALUES(11,11,'2018/04/05',80,80*100,'2018/04/09');
INSERT INTO SalesKP VALUES(11,30,'2018/04/06',300,300*20,'2018/04/10');
INSERT INTO SalesKP VALUES(68,36,'2018/04/06',150,150*30,'2018/04/11');
INSERT INTO SalesKP VALUES(48,33,'2018/04/06',30,30*75,'2018/04/09');
INSERT INTO SalesKP VALUES(67,10,'2018/04/06',30,30*10,'2018/04/07');
INSERT INTO SalesKP VALUES(110,60,'2018/04/06',30,30*60,'2018/04/08');
INSERT INTO SalesKP VALUES(77,10,'2018/04/06',30,30*500,'2018/04/09');
INSERT INTO SalesKP VALUES(1,11,'2018/04/06',80,80*20,'2018/04/10');
INSERT INTO SalesKP VALUES(1,30,'2018/04/07',300,300*20,'2018/04/10');
INSERT INTO SalesKP VALUES(1,11,'2018/04/07',20,20*20,'2018/04/10');
INSERT INTO SalesKP VALUES(22,33,'2018/04/07',450,450*20,'2018/04/10');
INSERT INTO SalesKP VALUES(22,60,'2018/04/07',350,350*20,'2018/04/10');
INSERT INTO SalesKP VALUES(22,33,'2018/04/08',450,450*20,'2018/04/11');
INSERT INTO SalesKP VALUES(22,10,'2018/04/08',200,200*20,'2018/04/11');
INSERT INTO SalesKP VALUES(22,60,'2018/04/08',350,350*20,'2018/04/11');
INSERT INTO SalesKP VALUES(22,55,'2018/04/08',300,300*20,'2018/04/11');
INSERT INTO SalesKP VALUES(84,1,'2018/04/08',300,300*100,'2018/04/12');
INSERT INTO SalesKP VALUES(22,55,'2018/04/11',300,300*20,'2018/04/17');
INSERT INTO SalesKP VALUES(1,1,'2018/04/11',430,430*20,'2018/04/17');
INSERT INTO SalesKP VALUES(18,15,'2018/04/11',300,300*200,'2018/04/17');
INSERT INTO SalesKP VALUES(1,1,'2018/04/11',30,30*20,'2018/04/17');
INSERT INTO SalesKP VALUES(1,11,'2018/04/11',80,80*20,'2018/04/17');
INSERT INTO SalesKP VALUES(1,30,'2018/04/11',300,300*20,'2018/04/11');
INSERT INTO SalesKP VALUES(1,11,'2018/04/11',20,20*20,'2018/04/11');
INSERT INTO SalesKP VALUES(22,33,'2018/04/11',450,450*20,'2018/04/17');
INSERT INTO SalesKP VALUES(22,10,'2018/04/11',200,200*20,'2018/04/17');
INSERT INTO SalesKP VALUES(22,60,'2018/04/11',350,350*20,'2018/04/17');
INSERT INTO SalesKP VALUES(22,55,'2018/04/11',300,300*20,'2018/04/17');
INSERT INTO SalesKP VALUES(22,60,'2018/04/11',350,350*20,'2018/04/17');
INSERT INTO SalesKP VALUES(22,55,'2018/04/11',300,300*20,'2018/04/17');
INSERT INTO SalesKP VALUES(1,1,'2018/04/11',30,30*20,'2018/04/17');
INSERT INTO SalesKP VALUES(18,15,'2018/04/11',100,100*200,'2018/04/17');
INSERT INTO SalesKP VALUES(11,1,'2018/04/11',30,30*60,'2018/04/17');
INSERT INTO SalesKP VALUES(11,11,'2018/04/11',80,80*60,'2018/04/19');
INSERT INTO SalesKP VALUES(11,30,'2018/04/11',300,300*60,'2018/04/19');
INSERT INTO SalesKP VALUES(11,11,'2018/04/11',20,20*60,'2018/04/15');
INSERT INTO SalesKP VALUES(22,33,'2018/04/11',450,450*20,'2018/04/14');
INSERT INTO SalesKP VALUES(22,10,'2018/04/11',200,200*20,'2018/04/11');
INSERT INTO SalesKP VALUES(22,60,'2018/04/11',350,350*20,'2018/04/11');
INSERT INTO SalesKP VALUES(22,55,'2018/04/11',300,300*20,'2018/04/14');
INSERT INTO SalesKP VALUES(84,1,'2018/04/11',300,300*100,'2018/04/11');
INSERT INTO SalesKP VALUES(66,1,'2018/04/11',100,100*100,'2018/04/14');
INSERT INTO SalesKP VALUES(12,1,'2018/04/11',30,30*35,'2018/04/01');
INSERT INTO SalesKP VALUES(78,11,'2018/04/11',80,80*100,'2018/04/01');
INSERT INTO SalesKP VALUES(99,30,'2018/04/11',300,300*100,'2018/04/01');
INSERT INTO SalesKP VALUES(43,56,'2018/04/11',20,20*12000,'2018/04/01');
INSERT INTO SalesKP VALUES(41,56,'2018/04/11',30,30*11000,'2018/04/04');
INSERT INTO SalesKP VALUES(56,10,'2018/04/11',50,50*100,'2018/04/01');
INSERT INTO SalesKP VALUES(30,60,'2018/04/11',1000,1000*2000,'2018/04/11');
INSERT INTO SalesKP VALUES(67,11,'2018/04/11',900,900*10,'2018/04/01');